"cod_ibge","nome","classe","subjacente","proc_grau","bens_industriais","source"
"1101002","1101002.Arroz","alimento_domic",NA,"semi_elab",FALSE,"BCB RI Dez/2019 Tab.5"
"1101051","1101051.Feijão - mulatinho","alimento_domic",NA,"semi_elab",FALSE,"BCB RI Dez/2019 Tab.5"
"1101052","1101052.Feijão - preto","alimento_domic",NA,"semi_elab",FALSE,"BCB RI Dez/2019 Tab.5"
"1101053","1101053.Feijão - macáçar (fradinho)","alimento_domic",NA,"semi_elab",FALSE,"BCB RI Dez/2019 Tab.5"
"1101073","1101073.Feijão - carioca (rajado)","alimento_domic",NA,"semi_elab",FALSE,"BCB RI Dez/2019 Tab.5"
"1101079","1101079.Milho (em grão)","alimento_domic",NA,"semi_elab",FALSE,"BCB RI Dez/2019 Tab.5"
"1102001","1102001.Farinha de arroz","alimento_domic",NA,"industr",FALSE,"BCB RI Dez/2019 Tab.5"
"1102006","1102006.Macarrão","alimento_domic",NA,"industr",FALSE,"BCB RI Dez/2019 Tab.5"
"1102008","1102008.Fubá de milho","alimento_domic",NA,"industr",FALSE,"BCB RI Dez/2019 Tab.5"
"1102010","1102010.Flocos de milho","alimento_domic",NA,"industr",FALSE,"BCB RI Dez/2019 Tab.5"
"1102012","1102012.Farinha de trigo","alimento_domic",NA,"industr",FALSE,"BCB RI Dez/2019 Tab.5"
"1102023","1102023.Farinha de mandioca","alimento_domic",NA,"industr",FALSE,"BCB RI Dez/2019 Tab.5"
"1102029","1102029.Massa semipreparada","alimento_domic",NA,"industr",FALSE,"BCB RI Dez/2019 Tab.5"
"1102061","1102061.Macarrão instantâneo","alimento_domic",NA,"industr",FALSE,"BCB RI Dez/2019 Tab.5"
"1103002","1103002.Batata-doce","alimento_domic",NA,"in_natura",FALSE,"BCB RI Dez/2019 Tab.5"
"1103003","1103003.Batata-inglesa","alimento_domic",NA,"in_natura",FALSE,"BCB RI Dez/2019 Tab.5"
"1103004","1103004.Inhame","alimento_domic",NA,"in_natura",FALSE,"BCB RI Dez/2019 Tab.5"
"1103005","1103005.Mandioca (aipim)","alimento_domic",NA,"in_natura",FALSE,"BCB RI Dez/2019 Tab.5"
"1103020","1103020.Abobrinha","alimento_domic",NA,"in_natura",FALSE,"BCB RI Dez/2019 Tab.5"
"1103025","1103025.Pepino","alimento_domic",NA,"in_natura",FALSE,"BCB RI Dez/2019 Tab.5"
"1103026","1103026.Pimentão","alimento_domic",NA,"in_natura",FALSE,"BCB RI Dez/2019 Tab.5"
"1103028","1103028.Tomate","alimento_domic",NA,"in_natura",FALSE,"BCB RI Dez/2019 Tab.5"
"1103043","1103043.Cebola","alimento_domic",NA,"in_natura",FALSE,"BCB RI Dez/2019 Tab.5"
"1103044","1103044.Cenoura","alimento_domic",NA,"in_natura",FALSE,"BCB RI Dez/2019 Tab.5"
"1104003","1104003.Açúcar refinado","alimento_domic",NA,"industr",FALSE,"BCB RI Dez/2019 Tab.5"
"1104004","1104004.Açúcar cristal","alimento_domic",NA,"industr",FALSE,"BCB RI Dez/2019 Tab.5"
"1104018","1104018.Balas","alimento_domic",NA,"industr",FALSE,"BCB RI Dez/2019 Tab.5"
"1104023","1104023.Chocolate em barra e bombom","alimento_domic",NA,"industr",FALSE,"BCB RI Dez/2019 Tab.5"
"1104032","1104032.Sorvete","alimento_domic",NA,"industr",FALSE,"BCB RI Dez/2019 Tab.5"
"1104052","1104052.Chocolate e achocolatado em pó","alimento_domic",NA,"industr",FALSE,"BCB RI Dez/2019 Tab.5"
"1104060","1104060.Doce de frutas em pasta","alimento_domic",NA,"industr",FALSE,"BCB RI Dez/2019 Tab.5"
"1104067","1104067.Açúcar demerara","alimento_domic",NA,"industr",FALSE,"BCB RI Dez/2019 Tab.5"
"1105001","1105001.Alface","alimento_domic",NA,"in_natura",FALSE,"BCB RI Dez/2019 Tab.5"
"1105004","1105004.Coentro","alimento_domic",NA,"in_natura",FALSE,"BCB RI Dez/2019 Tab.5"
"1105005","1105005.Couve","alimento_domic",NA,"in_natura",FALSE,"BCB RI Dez/2019 Tab.5"
"1105006","1105006.Couve-flor","alimento_domic",NA,"in_natura",FALSE,"BCB RI Dez/2019 Tab.5"
"1105010","1105010.Repolho","alimento_domic",NA,"in_natura",FALSE,"BCB RI Dez/2019 Tab.5"
"1105012","1105012.Cheiro-verde","alimento_domic",NA,"in_natura",FALSE,"BCB RI Dez/2019 Tab.5"
"1105019","1105019.Brócolis","alimento_domic",NA,"in_natura",FALSE,"BCB RI Dez/2019 Tab.5"
"1106001","1106001.Banana-da-terra","alimento_domic",NA,"in_natura",FALSE,"BCB RI Dez/2019 Tab.5"
"1106003","1106003.Abacaxi","alimento_domic",NA,"in_natura",FALSE,"BCB RI Dez/2019 Tab.5"
"1106004","1106004.Abacate","alimento_domic",NA,"in_natura",FALSE,"BCB RI Dez/2019 Tab.5"
"1106005","1106005.Banana - d'água","alimento_domic",NA,"in_natura",FALSE,"BCB RI Dez/2019 Tab.5"
"1106006","1106006.Banana - maçã","alimento_domic",NA,"in_natura",FALSE,"BCB RI Dez/2019 Tab.5"
"1106008","1106008.Banana - prata","alimento_domic",NA,"in_natura",FALSE,"BCB RI Dez/2019 Tab.5"
"1106011","1106011.Laranja - baía","alimento_domic",NA,"in_natura",FALSE,"BCB RI Dez/2019 Tab.5"
"1106012","1106012.Laranja - lima","alimento_domic",NA,"in_natura",FALSE,"BCB RI Dez/2019 Tab.5"
"1106015","1106015.Limão","alimento_domic",NA,"in_natura",FALSE,"BCB RI Dez/2019 Tab.5"
"1106017","1106017.Maçã","alimento_domic",NA,"in_natura",FALSE,"BCB RI Dez/2019 Tab.5"
"1106018","1106018.Mamão","alimento_domic",NA,"in_natura",FALSE,"BCB RI Dez/2019 Tab.5"
"1106019","1106019.Manga","alimento_domic",NA,"in_natura",FALSE,"BCB RI Dez/2019 Tab.5"
"1106020","1106020.Maracujá","alimento_domic",NA,"in_natura",FALSE,"BCB RI Dez/2019 Tab.5"
"1106021","1106021.Melancia","alimento_domic",NA,"in_natura",FALSE,"BCB RI Dez/2019 Tab.5"
"1106022","1106022.Melão","alimento_domic",NA,"in_natura",FALSE,"BCB RI Dez/2019 Tab.5"
"1106023","1106023.Pera","alimento_domic",NA,"in_natura",FALSE,"BCB RI Dez/2019 Tab.5"
"1106027","1106027.Tangerina","alimento_domic",NA,"in_natura",FALSE,"BCB RI Dez/2019 Tab.5"
"1106028","1106028.Uva","alimento_domic",NA,"in_natura",FALSE,"BCB RI Dez/2019 Tab.5"
"1106039","1106039.Laranja - pera","alimento_domic",NA,"in_natura",FALSE,"BCB RI Dez/2019 Tab.5"
"1106051","1106051.Morango","alimento_domic",NA,"in_natura",FALSE,"BCB RI Dez/2019 Tab.5"
"1106084","1106084.Goiaba","alimento_domic",NA,"in_natura",FALSE,"BCB RI Dez/2019 Tab.5"
"1107009","1107009.Fígado","alimento_domic",NA,"semi_elab",FALSE,"BCB RI Dez/2019 Tab.5"
"1107018","1107018.Carne de porco","alimento_domic",NA,"semi_elab",FALSE,"BCB RI Dez/2019 Tab.5"
"1107031","1107031.Carne de carneiro","alimento_domic",NA,"semi_elab",FALSE,"BCB RI Dez/2019 Tab.5"
"1107081","1107081.Cupim","alimento_domic",NA,"semi_elab",FALSE,"BCB RI Dez/2019 Tab.5"
"1107084","1107084.Contrafilé","alimento_domic",NA,"semi_elab",FALSE,"BCB RI Dez/2019 Tab.5"
"1107085","1107085.Filé-mignon","alimento_domic",NA,"semi_elab",FALSE,"BCB RI Dez/2019 Tab.5"
"1107087","1107087.Chã de dentro","alimento_domic",NA,"semi_elab",FALSE,"BCB RI Dez/2019 Tab.5"
"1107088","1107088.Alcatra","alimento_domic",NA,"semi_elab",FALSE,"BCB RI Dez/2019 Tab.5"
"1107089","1107089.Patinho","alimento_domic",NA,"semi_elab",FALSE,"BCB RI Dez/2019 Tab.5"
"1107090","1107090.Lagarto redondo","alimento_domic",NA,"semi_elab",FALSE,"BCB RI Dez/2019 Tab.5"
"1107091","1107091.Lagarto comum","alimento_domic",NA,"semi_elab",FALSE,"BCB RI Dez/2019 Tab.5"
"1107093","1107093.Músculo","alimento_domic",NA,"semi_elab",FALSE,"BCB RI Dez/2019 Tab.5"
"1107094","1107094.Pá","alimento_domic",NA,"semi_elab",FALSE,"BCB RI Dez/2019 Tab.5"
"1107095","1107095.Acém","alimento_domic",NA,"semi_elab",FALSE,"BCB RI Dez/2019 Tab.5"
"1107096","1107096.Peito","alimento_domic",NA,"semi_elab",FALSE,"BCB RI Dez/2019 Tab.5"
"1107097","1107097.Capa de filé","alimento_domic",NA,"semi_elab",FALSE,"BCB RI Dez/2019 Tab.5"
"1107099","1107099.Costela","alimento_domic",NA,"semi_elab",FALSE,"BCB RI Dez/2019 Tab.5"
"1107208","1107208.Picanha","alimento_domic",NA,"semi_elab",FALSE,"BCB RI Dez/2019 Tab.5"
"1108002","1108002.Peixe - anchova","alimento_domic",NA,"in_natura",FALSE,"BCB RI Dez/2019 Tab.5"
"1108004","1108004.Peixe - corvina","alimento_domic",NA,"in_natura",FALSE,"BCB RI Dez/2019 Tab.5"
"1108011","1108011.Peixe - tainha","alimento_domic",NA,"in_natura",FALSE,"BCB RI Dez/2019 Tab.5"
"1108012","1108012.Peixe - sardinha","alimento_domic",NA,"in_natura",FALSE,"BCB RI Dez/2019 Tab.5"
"1108013","1108013.Camarão","alimento_domic",NA,"in_natura",FALSE,"BCB RI Dez/2019 Tab.5"
"1108019","1108019.Peixe - cavala","alimento_domic",NA,"in_natura",FALSE,"BCB RI Dez/2019 Tab.5"
"1108029","1108029.Peixe - cação","alimento_domic",NA,"in_natura",FALSE,"BCB RI Dez/2019 Tab.5"
"1108031","1108031.Peixe - merluza","alimento_domic",NA,"in_natura",FALSE,"BCB RI Dez/2019 Tab.5"
"1108032","1108032.Peixe - serra","alimento_domic",NA,"in_natura",FALSE,"BCB RI Dez/2019 Tab.5"
"1108038","1108038.Peixe - pescada","alimento_domic",NA,"in_natura",FALSE,"BCB RI Dez/2019 Tab.5"
"1108045","1108045.Caranguejo","alimento_domic",NA,"in_natura",FALSE,"BCB RI Dez/2019 Tab.5"
"1108049","1108049.Peixe - castanha","alimento_domic",NA,"in_natura",FALSE,"BCB RI Dez/2019 Tab.5"
"1108052","1108052.Peixe - palombeta","alimento_domic",NA,"in_natura",FALSE,"BCB RI Dez/2019 Tab.5"
"1108072","1108072.Peixe - curimatã","alimento_domic",NA,"in_natura",FALSE,"BCB RI Dez/2019 Tab.5"
"1108075","1108075.Peixe - salmão","alimento_domic",NA,"in_natura",FALSE,"BCB RI Dez/2019 Tab.5"
"1108080","1108080.Peixe - tilápia","alimento_domic",NA,"in_natura",FALSE,"BCB RI Dez/2019 Tab.5"
"1108087","1108087.Peixe - tambaqui","alimento_domic",NA,"in_natura",FALSE,"BCB RI Dez/2019 Tab.5"
"1108088","1108088.Peixe - dourada","alimento_domic",NA,"in_natura",FALSE,"BCB RI Dez/2019 Tab.5"
"1108092","1108092.Peixe - filhote","alimento_domic",NA,"in_natura",FALSE,"BCB RI Dez/2019 Tab.5"
"1108096","1108096.Peixe - peroá","alimento_domic",NA,"in_natura",FALSE,"BCB RI Dez/2019 Tab.5"
"1108112","1108112.Peixe - pintado","alimento_domic",NA,"in_natura",FALSE,"BCB RI Dez/2019 Tab.5"
"1108125","1108125.Peixe - aruanã","alimento_domic",NA,"in_natura",FALSE,"BCB RI Dez/2019 Tab.5"
"1109002","1109002.Presunto","alimento_domic",NA,"industr",FALSE,"BCB RI Dez/2019 Tab.5"
"1109007","1109007.Salsicha","alimento_domic",NA,"industr",FALSE,"BCB RI Dez/2019 Tab.5"
"1109008","1109008.Linguiça","alimento_domic",NA,"industr",FALSE,"BCB RI Dez/2019 Tab.5"
"1109010","1109010.Mortadela","alimento_domic",NA,"industr",FALSE,"BCB RI Dez/2019 Tab.5"
"1109012","1109012.Salame","alimento_domic",NA,"industr",FALSE,"BCB RI Dez/2019 Tab.5"
"1109023","1109023.Bacalhau","alimento_domic",NA,"industr",FALSE,"BCB RI Dez/2019 Tab.5"
"1109056","1109056.Carne-seca e de sol","alimento_domic",NA,"industr",FALSE,"BCB RI Dez/2019 Tab.5"
"1109058","1109058.Carne de porco salgada e defumada","alimento_domic",NA,"industr",FALSE,"BCB RI Dez/2019 Tab.5"
"1110009","1110009.Frango inteiro","alimento_domic",NA,"in_natura",FALSE,"BCB RI Dez/2019 Tab.5"
"1110010","1110010.Frango em pedaços","alimento_domic",NA,"in_natura",FALSE,"BCB RI Dez/2019 Tab.5"
"1110044","1110044.Ovo de galinha","alimento_domic",NA,"in_natura",FALSE,"BCB RI Dez/2019 Tab.5"
"1111004","1111004.Leite longa vida","alimento_domic",NA,"industr",FALSE,"BCB RI Dez/2019 Tab.5"
"1111008","1111008.Leite condensado","alimento_domic",NA,"industr",FALSE,"BCB RI Dez/2019 Tab.5"
"1111009","1111009.Leite em pó","alimento_domic",NA,"industr",FALSE,"BCB RI Dez/2019 Tab.5"
"1111011","1111011.Queijo","alimento_domic",NA,"industr",FALSE,"BCB RI Dez/2019 Tab.5"
"1111019","1111019.Iogurte e bebidas lácteas","alimento_domic",NA,"industr",FALSE,"BCB RI Dez/2019 Tab.5"
"1111021","1111021.Requeijão","alimento_domic",NA,"industr",FALSE,"BCB RI Dez/2019 Tab.5"
"1111031","1111031.Manteiga","alimento_domic",NA,"industr",FALSE,"BCB RI Dez/2019 Tab.5"
"1111038","1111038.Leite fermentado","alimento_domic",NA,"industr",FALSE,"BCB RI Dez/2019 Tab.5"
"1112003","1112003.Biscoito","alimento_domic",NA,"industr",FALSE,"BCB RI Dez/2019 Tab.5"
"1112015","1112015.Pão francês","alimento_domic",NA,"industr",FALSE,"BCB RI Dez/2019 Tab.5"
"1112017","1112017.Pão doce","alimento_domic",NA,"industr",FALSE,"BCB RI Dez/2019 Tab.5"
"1112018","1112018.Pão de forma","alimento_domic",NA,"industr",FALSE,"BCB RI Dez/2019 Tab.5"
"1112019","1112019.Bolo","alimento_domic",NA,"industr",FALSE,"BCB RI Dez/2019 Tab.5"
"1112025","1112025.Pão de queijo","alimento_domic",NA,"industr",FALSE,"BCB RI Dez/2019 Tab.5"
"1113013","1113013.Óleo de soja","alimento_domic",NA,"industr",FALSE,"BCB RI Dez/2019 Tab.5"
"1113014","1113014.Azeite de oliva","alimento_domic",NA,"industr",FALSE,"BCB RI Dez/2019 Tab.5"
"1113040","1113040.Margarina","alimento_domic",NA,"industr",FALSE,"BCB RI Dez/2019 Tab.5"
"1114001","1114001.Suco de frutas","alimento_domic",NA,"industr",FALSE,"BCB RI Dez/2019 Tab.5"
"1114003","1114003.Polpa de fruta (congelada)","alimento_domic",NA,"industr",FALSE,"BCB RI Dez/2019 Tab.5"
"1114004","1114004.Açaí (emulsão)","alimento_domic",NA,"industr",FALSE,"BCB RI Dez/2019 Tab.5"
"1114022","1114022.Café moído","alimento_domic",NA,"industr",FALSE,"BCB RI Dez/2019 Tab.5"
"1114023","1114023.Café solúvel","alimento_domic",NA,"industr",FALSE,"BCB RI Dez/2019 Tab.5"
"1114083","1114083.Refrigerante e água mineral","alimento_domic",NA,"industr",FALSE,"BCB RI Dez/2019 Tab.5"
"1114084","1114084.Cerveja","alimento_domic",NA,"industr",FALSE,"BCB RI Dez/2019 Tab.5"
"1114085","1114085.Outras bebidas alcoólicas","alimento_domic",NA,"industr",FALSE,"BCB RI Dez/2019 Tab.5"
"1114087","1114087.Vinho","alimento_domic",NA,"industr",FALSE,"BCB RI Dez/2019 Tab.5"
"1114090","1114090.Suco em pó","alimento_domic",NA,"industr",FALSE,"BCB RI Dez/2019 Tab.5"
"1114091","1114091.Chá mate (erva mate)","alimento_domic",NA,"industr",FALSE,"BCB RI Dez/2019 Tab.5"
"1115013","1115013.Alimento infantil","alimento_domic",NA,"industr",FALSE,"BCB RI Dez/2019 Tab.5"
"1115016","1115016.Palmito em conserva","alimento_domic",NA,"industr",FALSE,"BCB RI Dez/2019 Tab.5"
"1115017","1115017.Pepino em conserva","alimento_domic",NA,"industr",FALSE,"BCB RI Dez/2019 Tab.5"
"1115039","1115039.Sardinha em conserva","alimento_domic",NA,"industr",FALSE,"BCB RI Dez/2019 Tab.5"
"1115050","1115050.Salsicha em conserva","alimento_domic",NA,"industr",FALSE,"BCB RI Dez/2019 Tab.5"
"1115056","1115056.Sopa desidratada","alimento_domic",NA,"industr",FALSE,"BCB RI Dez/2019 Tab.5"
"1115057","1115057.Azeitona","alimento_domic",NA,"industr",FALSE,"BCB RI Dez/2019 Tab.5"
"1115058","1115058.Milho-verde em conserva","alimento_domic",NA,"industr",FALSE,"BCB RI Dez/2019 Tab.5"
"1115075","1115075.Atum em conserva","alimento_domic",NA,"industr",FALSE,"BCB RI Dez/2019 Tab.5"
"1116001","1116001.Leite de coco","alimento_domic",NA,"industr",FALSE,"BCB RI Dez/2019 Tab.5"
"1116005","1116005.Atomatado","alimento_domic",NA,"industr",FALSE,"BCB RI Dez/2019 Tab.5"
"1116010","1116010.Alho","alimento_domic",NA,"in_natura",FALSE,"BCB RI Dez/2019 Tab.5"
"1116013","1116013.Sal","alimento_domic",NA,"industr",FALSE,"BCB RI Dez/2019 Tab.5"
"1116022","1116022.Colorau","alimento_domic",NA,"industr",FALSE,"BCB RI Dez/2019 Tab.5"
"1116023","1116023.Caldo de tucupi","alimento_domic",NA,"industr",FALSE,"BCB RI Dez/2019 Tab.5"
"1116026","1116026.Fermento","alimento_domic",NA,"industr",FALSE,"BCB RI Dez/2019 Tab.5"
"1116033","1116033.Maionese","alimento_domic",NA,"industr",FALSE,"BCB RI Dez/2019 Tab.5"
"1116041","1116041.Vinagre","alimento_domic",NA,"industr",FALSE,"BCB RI Dez/2019 Tab.5"
"1116048","1116048.Caldo concentrado","alimento_domic",NA,"industr",FALSE,"BCB RI Dez/2019 Tab.5"
"1116071","1116071.Tempero misto","alimento_domic",NA,"industr",FALSE,"BCB RI Dez/2019 Tab.5"
"1201001","1201001.Refeição","alimento_fora",TRUE,NA,FALSE,"BCB RI Dez/2019 Tab.5"
"1201003","1201003.Lanche","alimento_fora",TRUE,NA,FALSE,"BCB RI Dez/2019 Tab.5"
"1201007","1201007.Refrigerante e água mineral","alimento_fora",TRUE,NA,FALSE,"BCB RI Dez/2019 Tab.5"
"1201009","1201009.Cafezinho","alimento_fora",TRUE,NA,FALSE,"BCB RI Dez/2019 Tab.5"
"1201048","1201048.Cerveja","alimento_fora",TRUE,NA,FALSE,"BCB RI Dez/2019 Tab.5"
"1201051","1201051.Outras bebidas alcoólicas","alimento_fora",TRUE,NA,FALSE,"BCB RI Dez/2019 Tab.5"
"1201052","1201052.Vinho","alimento_fora",TRUE,NA,FALSE,"BCB RI Dez/2019 Tab.5"
"1201061","1201061.Doces","alimento_fora",TRUE,NA,FALSE,"BCB RI Dez/2019 Tab.5"
"1201088","1201088.Sorvete","alimento_fora",TRUE,NA,FALSE,"BCB RI Dez/2019 Tab.5"
"2101001","2101001.Aluguel residencial","servico",TRUE,NA,FALSE,"BCB RI Dez/2019 Tab.5"
"2101002","2101002.Condomínio","servico",TRUE,NA,FALSE,"BCB RI Dez/2019 Tab.5"
"2101004","2101004.Taxa de água e esgoto","monitorado",NA,NA,FALSE,"BCB RI Dez/2019 Tab.5"
"2101012","2101012.Mudança","servico",TRUE,NA,FALSE,"BCB RI Dez/2019 Tab.5"
"2103005","2103005.Ferragens","nao_duravel_industrial",NA,NA,TRUE,"BCB RI Dez/2019 Tab.5"
"2103008","2103008.Material de eletricidade","nao_duravel_industrial",NA,NA,TRUE,"BCB RI Dez/2019 Tab.5"
"2103012","2103012.Vidro","nao_duravel_industrial",NA,NA,TRUE,"BCB RI Dez/2019 Tab.5"
"2103014","2103014.Tinta","nao_duravel_industrial",NA,NA,TRUE,"BCB RI Dez/2019 Tab.5"
"2103032","2103032.Revestimento de piso e parede","nao_duravel_industrial",NA,NA,TRUE,"BCB RI Dez/2019 Tab.5"
"2103038","2103038.Madeira e taco","nao_duravel_industrial",NA,NA,TRUE,"BCB RI Dez/2019 Tab.5"
"2103039","2103039.Cimento","nao_duravel_industrial",NA,NA,TRUE,"BCB RI Dez/2019 Tab.5"
"2103040","2103040.Tijolo","nao_duravel_industrial",NA,NA,TRUE,"BCB RI Dez/2019 Tab.5"
"2103041","2103041.Material hidráulico","nao_duravel_industrial",NA,NA,TRUE,"BCB RI Dez/2019 Tab.5"
"2103042","2103042.Mão de obra","servico",TRUE,NA,FALSE,"BCB RI Dez/2019 Tab.5"
"2103048","2103048.Areia","nao_duravel_industrial",NA,NA,TRUE,"BCB RI Dez/2019 Tab.5"
"2103049","2103049.Pedras","nao_duravel_industrial",NA,NA,TRUE,"BCB RI Dez/2019 Tab.5"
"2103055","2103055.Telha","nao_duravel_industrial",NA,NA,TRUE,"BCB RI Dez/2019 Tab.5"
"2104003","2104003.Saco para lixo","nao_duravel_industrial",NA,NA,TRUE,"BCB RI Dez/2019 Tab.5"
"2104005","2104005.Água sanitária","nao_duravel_industrial",NA,NA,TRUE,"BCB RI Dez/2019 Tab.5"
"2104008","2104008.Detergente","nao_duravel_industrial",NA,NA,TRUE,"BCB RI Dez/2019 Tab.5"
"2104009","2104009.Sabão em pó","nao_duravel_industrial",NA,NA,TRUE,"BCB RI Dez/2019 Tab.5"
"2104012","2104012.Desinfetante","nao_duravel_industrial",NA,NA,TRUE,"BCB RI Dez/2019 Tab.5"
"2104015","2104015.Sabão em barra","nao_duravel_industrial",NA,NA,TRUE,"BCB RI Dez/2019 Tab.5"
"2104016","2104016.Esponja de limpeza","nao_duravel_industrial",NA,NA,TRUE,"BCB RI Dez/2019 Tab.5"
"2104019","2104019.Sabão líquido","nao_duravel_industrial",NA,NA,TRUE,"BCB RI Dez/2019 Tab.5"
"2104020","2104020.Limpador multiuso","nao_duravel_industrial",NA,NA,TRUE,"BCB RI Dez/2019 Tab.5"
"2104041","2104041.Papel toalha","nao_duravel_industrial",NA,NA,TRUE,"BCB RI Dez/2019 Tab.5"
"2104085","2104085.Amaciante e alvejante","nao_duravel_industrial",NA,NA,TRUE,"BCB RI Dez/2019 Tab.5"
"2201003","2201003.Carvão vegetal","nao_duravel_industrial",NA,NA,TRUE,"BCB RI Dez/2019 Tab.5"
"2201004","2201004.Gás de botijão","monitorado",NA,NA,FALSE,"BCB RI Dez/2019 Tab.5"
"2201005","2201005.Gás encanado","monitorado",NA,NA,FALSE,"BCB RI Dez/2019 Tab.5"
"2202003","2202003.Energia elétrica residencial","monitorado",NA,NA,FALSE,"BCB RI Dez/2019 Tab.5"
"3101002","3101002.Móvel para sala","duravel",NA,NA,TRUE,"BCB RI Dez/2019 Tab.5"
"3101003","3101003.Móvel para quarto","duravel",NA,NA,TRUE,"BCB RI Dez/2019 Tab.5"
"3101015","3101015.Móvel para copa e cozinha","duravel",NA,NA,TRUE,"BCB RI Dez/2019 Tab.5"
"3101016","3101016.Móvel infantil","duravel",NA,NA,TRUE,"BCB RI Dez/2019 Tab.5"
"3101017","3101017.Colchão","duravel",NA,NA,TRUE,"BCB RI Dez/2019 Tab.5"
"3102001","3102001.Artigos de iluminação","duravel",NA,NA,TRUE,"BCB RI Dez/2019 Tab.5"
"3102005","3102005.Tapete","duravel",NA,NA,TRUE,"BCB RI Dez/2019 Tab.5"
"3102006","3102006.Cortina","semiduravel",NA,NA,TRUE,"BCB RI Dez/2019 Tab.5"
"3102007","3102007.Utensílios de metal","semiduravel",NA,NA,TRUE,"BCB RI Dez/2019 Tab.5"
"3102009","3102009.Utensílios de vidro e louça","semiduravel",NA,NA,TRUE,"BCB RI Dez/2019 Tab.5"
"3102010","3102010.Utensílios de plástico","semiduravel",NA,NA,TRUE,"BCB RI Dez/2019 Tab.5"
"3102035","3102035.Flores naturais","nao_duravel_industrial",NA,NA,TRUE,"BCB RI Dez/2019 Tab.5"
"3102337","3102337.Utensílios para bebê","semiduravel",NA,NA,TRUE,"BCB RI Dez/2019 Tab.5"
"3103001","3103001.Roupa de cama","semiduravel",NA,NA,TRUE,"BCB RI Dez/2019 Tab.5"
"3103003","3103003.Roupa de banho","semiduravel",NA,NA,TRUE,"BCB RI Dez/2019 Tab.5"
"3201001","3201001.Refrigerador","duravel",NA,NA,TRUE,"BCB RI Dez/2019 Tab.5"
"3201002","3201002.Ar-condicionado","duravel",NA,NA,TRUE,"BCB RI Dez/2019 Tab.5"
"3201006","3201006.Máquina de lavar roupa","duravel",NA,NA,TRUE,"BCB RI Dez/2019 Tab.5"
"3201013","3201013.Ventilador","semiduravel",NA,NA,TRUE,"BCB RI Dez/2019 Tab.5"
"3201021","3201021.Fogão","duravel",NA,NA,TRUE,"BCB RI Dez/2019 Tab.5"
"3201050","3201050.Chuveiro elétrico","duravel",NA,NA,TRUE,"BCB RI Dez/2019 Tab.5"
"3202001","3202001.Televisor","duravel",NA,NA,TRUE,"BCB RI Dez/2019 Tab.5"
"3202003","3202003.Aparelho de som","duravel",NA,NA,TRUE,"BCB RI Dez/2019 Tab.5"
"3202008","3202008.Videogame (console)","semiduravel",NA,NA,TRUE,"BCB RI Dez/2019 Tab.5"
"3202028","3202028.Computador pessoal","duravel",NA,NA,TRUE,"BCB RI Dez/2019 Tab.5"
"3301002","3301002.Conserto de refrigerador","servico",TRUE,NA,FALSE,"BCB RI Dez/2019 Tab.5"
"3301006","3301006.Conserto de televisor","servico",TRUE,NA,FALSE,"BCB RI Dez/2019 Tab.5"
"3301015","3301015.Conserto de máquina de lavar roupa","servico",TRUE,NA,FALSE,"BCB RI Dez/2019 Tab.5"
"3301022","3301022.Reforma de estofado","servico",TRUE,NA,FALSE,"BCB RI Dez/2019 Tab.5"
"3301088","3301088.Conserto de aparelho celular","servico",TRUE,NA,FALSE,"BCB RI Dez/2019 Tab.5"
"3301130","3301130.Conserto de bicicleta","servico",TRUE,NA,FALSE,"BCB RI Dez/2019 Tab.5"
"4101002","4101002.Calça comprida masculina","semiduravel",NA,NA,TRUE,"BCB RI Dez/2019 Tab.5"
"4101005","4101005.Agasalho masculino","semiduravel",NA,NA,TRUE,"BCB RI Dez/2019 Tab.5"
"4101006","4101006.Bermuda/short masculino","semiduravel",NA,NA,TRUE,"BCB RI Dez/2019 Tab.5"
"4101008","4101008.Cueca","semiduravel",NA,NA,TRUE,"BCB RI Dez/2019 Tab.5"
"4101009","4101009.Camisa/camiseta masculina","semiduravel",NA,NA,TRUE,"BCB RI Dez/2019 Tab.5"
"4102002","4102002.Calça comprida feminina","semiduravel",NA,NA,TRUE,"BCB RI Dez/2019 Tab.5"
"4102003","4102003.Agasalho feminino","semiduravel",NA,NA,TRUE,"BCB RI Dez/2019 Tab.5"
"4102004","4102004.Saia","semiduravel",NA,NA,TRUE,"BCB RI Dez/2019 Tab.5"
"4102005","4102005.Vestido","semiduravel",NA,NA,TRUE,"BCB RI Dez/2019 Tab.5"
"4102008","4102008.Blusa","semiduravel",NA,NA,TRUE,"BCB RI Dez/2019 Tab.5"
"4102010","4102010.Lingerie","semiduravel",NA,NA,TRUE,"BCB RI Dez/2019 Tab.5"
"4102013","4102013.Bermuda/short feminino","semiduravel",NA,NA,TRUE,"BCB RI Dez/2019 Tab.5"
"4103001","4103001.Uniforme escolar","semiduravel",NA,NA,TRUE,"BCB RI Dez/2019 Tab.5"
"4103002","4103002.Calça comprida infantil","semiduravel",NA,NA,TRUE,"BCB RI Dez/2019 Tab.5"
"4103005","4103005.Agasalho infantil","semiduravel",NA,NA,TRUE,"BCB RI Dez/2019 Tab.5"
"4103007","4103007.Vestido infantil","semiduravel",NA,NA,TRUE,"BCB RI Dez/2019 Tab.5"
"4103008","4103008.Bermuda/short infantil","semiduravel",NA,NA,TRUE,"BCB RI Dez/2019 Tab.5"
"4103011","4103011.Camisa/camiseta infantil","semiduravel",NA,NA,TRUE,"BCB RI Dez/2019 Tab.5"
"4103031","4103031.Conjunto infantil","semiduravel",NA,NA,TRUE,"BCB RI Dez/2019 Tab.5"
"4201002","4201002.Sapato masculino","semiduravel",NA,NA,TRUE,"BCB RI Dez/2019 Tab.5"
"4201003","4201003.Sapato feminino","semiduravel",NA,NA,TRUE,"BCB RI Dez/2019 Tab.5"
"4201004","4201004.Sapato infantil","semiduravel",NA,NA,TRUE,"BCB RI Dez/2019 Tab.5"
"4201015","4201015.Bolsa","semiduravel",NA,NA,TRUE,"BCB RI Dez/2019 Tab.5"
"4201040","4201040.Mochila","semiduravel",NA,NA,TRUE,"BCB RI Dez/2019 Tab.5"
"4201063","4201063.Tênis","semiduravel",NA,NA,TRUE,"BCB RI Dez/2019 Tab.5"
"4201098","4201098.Sandália/chinelo","semiduravel",NA,NA,TRUE,"BCB RI Dez/2019 Tab.5"
"4301001","4301001.Bijuteria","duravel",NA,NA,TRUE,"BCB RI Dez/2019 Tab.5"
"4301002","4301002.Joia","duravel",NA,NA,TRUE,"BCB RI Dez/2019 Tab.5"
"4301004","4301004.Relógio de pulso","duravel",NA,NA,TRUE,"BCB RI Dez/2019 Tab.5"
"4401001","4401001.Tecido","semiduravel",NA,NA,TRUE,"BCB RI Dez/2019 Tab.5"
"4401002","4401002.Artigos de armarinho","semiduravel",NA,NA,TRUE,"BCB RI Dez/2019 Tab.5"
"5101001","5101001.Ônibus urbano","monitorado",NA,NA,FALSE,"BCB RI Dez/2019 Tab.5"
"5101002","5101002.Táxi","monitorado",NA,NA,FALSE,"BCB RI Dez/2019 Tab.5"
"5101004","5101004.Trem","monitorado",NA,NA,FALSE,"BCB RI Dez/2019 Tab.5"
"5101006","5101006.Ônibus intermunicipal","monitorado",NA,NA,FALSE,"BCB RI Dez/2019 Tab.5"
"5101007","5101007.Ônibus interestadual","monitorado",NA,NA,FALSE,"BCB RI Dez/2019 Tab.5"
"5101010","5101010.Passagem aérea","servico",FALSE,NA,FALSE,"BCB RI Dez/2019 Tab.5"
"5101011","5101011.Metrô","monitorado",NA,NA,FALSE,"BCB RI Dez/2019 Tab.5"
"5101026","5101026.Transporte escolar","servico",TRUE,NA,FALSE,"BCB RI Dez/2019 Tab.5"
"5101051","5101051.Transporte por aplicativo","servico",FALSE,NA,FALSE,"BCB RI Dez/2019 Tab.5"
"5101053","5101053.Integração transporte público","monitorado",NA,NA,FALSE,"BCB RI Dez/2019 Tab.5"
"5102001","5102001.Automóvel novo","duravel",NA,NA,TRUE,"BCB RI Dez/2019 Tab.5"
"5102004","5102004.Emplacamento e licença","monitorado",NA,NA,FALSE,"BCB RI Dez/2019 Tab.5"
"5102005","5102005.Seguro voluntário de veículo","servico",TRUE,NA,FALSE,"BCB RI Dez/2019 Tab.5"
"5102006","5102006.Multa","monitorado",NA,NA,FALSE,"BCB RI Dez/2019 Tab.5"
"5102007","5102007.Óleo lubrificante","nao_duravel_industrial",NA,NA,TRUE,"BCB RI Dez/2019 Tab.5"
"5102009","5102009.Acessórios e peças","semiduravel",NA,NA,TRUE,"BCB RI Dez/2019 Tab.5"
"5102010","5102010.Pneu","semiduravel",NA,NA,TRUE,"BCB RI Dez/2019 Tab.5"
"5102011","5102011.Conserto de automóvel","servico",TRUE,NA,FALSE,"BCB RI Dez/2019 Tab.5"
"5102013","5102013.Estacionamento","servico",TRUE,NA,FALSE,"BCB RI Dez/2019 Tab.5"
"5102015","5102015.Pedágio","monitorado",NA,NA,FALSE,"BCB RI Dez/2019 Tab.5"
"5102020","5102020.Automóvel usado","duravel",NA,NA,TRUE,"BCB RI Dez/2019 Tab.5"
"5102037","5102037.Pintura de veículo","servico",TRUE,NA,FALSE,"BCB RI Dez/2019 Tab.5"
"5102051","5102051.Aluguel de veículo","servico",TRUE,NA,FALSE,"BCB RI Dez/2019 Tab.5"
"5102053","5102053.Motocicleta","duravel",NA,NA,TRUE,"BCB RI Dez/2019 Tab.5"
"5104001","5104001.Gasolina","monitorado",NA,NA,FALSE,"BCB RI Dez/2019 Tab.5"
"5104002","5104002.Etanol","nao_duravel_industrial",NA,NA,TRUE,"BCB RI Dez/2019 Tab.5"
"5104003","5104003.Óleo diesel","monitorado",NA,NA,FALSE,"BCB RI Dez/2019 Tab.5"
"5104005","5104005.Gás veicular","monitorado",NA,NA,FALSE,"BCB RI Dez/2019 Tab.5"
"6101001","6101001.Anti-infeccioso e antibiótico","monitorado",NA,NA,FALSE,"BCB RI Dez/2019 Tab.5"
"6101002","6101002.Analgésico e antitérmico","monitorado",NA,NA,FALSE,"BCB RI Dez/2019 Tab.5"
"6101003","6101003.Anti-inflamatório e antirreumático","monitorado",NA,NA,FALSE,"BCB RI Dez/2019 Tab.5"
"6101004","6101004.Antigripal e antitussígeno","monitorado",NA,NA,FALSE,"BCB RI Dez/2019 Tab.5"
"6101006","6101006.Dermatológico","monitorado",NA,NA,FALSE,"BCB RI Dez/2019 Tab.5"
"6101007","6101007.Antialérgico e broncodilatador","monitorado",NA,NA,FALSE,"BCB RI Dez/2019 Tab.5"
"6101009","6101009.Gastroprotetor","monitorado",NA,NA,FALSE,"BCB RI Dez/2019 Tab.5"
"6101010","6101010.Vitamina e fortificante","monitorado",NA,NA,FALSE,"BCB RI Dez/2019 Tab.5"
"6101011","6101011.Hormonal","monitorado",NA,NA,FALSE,"BCB RI Dez/2019 Tab.5"
"6101013","6101013.Psicotrópico e anorexígeno","monitorado",NA,NA,FALSE,"BCB RI Dez/2019 Tab.5"
"6101014","6101014.Hipotensor e hipocolesterolêmico","monitorado",NA,NA,FALSE,"BCB RI Dez/2019 Tab.5"
"6101051","6101051.Oftalmológico","monitorado",NA,NA,FALSE,"BCB RI Dez/2019 Tab.5"
"6101064","6101064.Antidiabético","monitorado",NA,NA,FALSE,"BCB RI Dez/2019 Tab.5"
"6101148","6101148.Neurológico","monitorado",NA,NA,FALSE,"BCB RI Dez/2019 Tab.5"
"6102012","6102012.Óculos de grau","duravel",NA,NA,TRUE,"BCB RI Dez/2019 Tab.5"
"6201002","6201002.Médico","servico",TRUE,NA,FALSE,"BCB RI Dez/2019 Tab.5"
"6201003","6201003.Dentista","servico",TRUE,NA,FALSE,"BCB RI Dez/2019 Tab.5"
"6201005","6201005.Aparelho ortodôntico","servico",TRUE,NA,FALSE,"BCB RI Dez/2019 Tab.5"
"6201007","6201007.Fisioterapeuta","servico",TRUE,NA,FALSE,"BCB RI Dez/2019 Tab.5"
"6201010","6201010.Psicólogo","servico",TRUE,NA,FALSE,"BCB RI Dez/2019 Tab.5"
"6202003","6202003.Exame de laboratório","servico",TRUE,NA,FALSE,"BCB RI Dez/2019 Tab.5"
"6202004","6202004.Hospitalização e cirurgia","servico",TRUE,NA,FALSE,"BCB RI Dez/2019 Tab.5"
"6202006","6202006.Exame de imagem","servico",TRUE,NA,FALSE,"BCB RI Dez/2019 Tab.5"
"6203001","6203001.Plano de saúde","monitorado",NA,NA,FALSE,"BCB RI Dez/2019 Tab.5"
"6301001","6301001.Produto para cabelo","nao_duravel_industrial",NA,NA,TRUE,"BCB RI Dez/2019 Tab.5"
"6301002","6301002.Fralda descartável","nao_duravel_industrial",NA,NA,TRUE,"BCB RI Dez/2019 Tab.5"
"6301004","6301004.Produto para barba","nao_duravel_industrial",NA,NA,TRUE,"BCB RI Dez/2019 Tab.5"
"6301006","6301006.Produto para pele","nao_duravel_industrial",NA,NA,TRUE,"BCB RI Dez/2019 Tab.5"
"6301007","6301007.Produto para higiene bucal","nao_duravel_industrial",NA,NA,TRUE,"BCB RI Dez/2019 Tab.5"
"6301010","6301010.Produto para unha","nao_duravel_industrial",NA,NA,TRUE,"BCB RI Dez/2019 Tab.5"
"6301011","6301011.Perfume","nao_duravel_industrial",NA,NA,TRUE,"BCB RI Dez/2019 Tab.5"
"6301014","6301014.Desodorante","nao_duravel_industrial",NA,NA,TRUE,"BCB RI Dez/2019 Tab.5"
"6301015","6301015.Absorvente higiênico","nao_duravel_industrial",NA,NA,TRUE,"BCB RI Dez/2019 Tab.5"
"6301016","6301016.Sabonete","nao_duravel_industrial",NA,NA,TRUE,"BCB RI Dez/2019 Tab.5"
"6301017","6301017.Papel higiênico","nao_duravel_industrial",NA,NA,TRUE,"BCB RI Dez/2019 Tab.5"
"6301020","6301020.Artigos de maquiagem","nao_duravel_industrial",NA,NA,TRUE,"BCB RI Dez/2019 Tab.5"
"7101001","7101001.Costureira","servico",TRUE,NA,FALSE,"BCB RI Dez/2019 Tab.5"
"7101005","7101005.Manicure","servico",TRUE,NA,FALSE,"BCB RI Dez/2019 Tab.5"
"7101010","7101010.Empregado doméstico","servico",FALSE,NA,FALSE,"BCB RI Dez/2019 Tab.5"
"7101011","7101011.Cabeleireiro e barbeiro","servico",TRUE,NA,FALSE,"BCB RI Dez/2019 Tab.5"
"7101014","7101014.Depilação","servico",TRUE,NA,FALSE,"BCB RI Dez/2019 Tab.5"
"7101034","7101034.Cartório","monitorado",NA,NA,FALSE,"BCB RI Dez/2019 Tab.5"
"7101036","7101036.Despachante","servico",TRUE,NA,FALSE,"BCB RI Dez/2019 Tab.5"
"7101076","7101076.Serviço bancário","servico",TRUE,NA,FALSE,"BCB RI Dez/2019 Tab.5"
"7101090","7101090.Conselho de classe","monitorado",NA,NA,FALSE,"BCB RI Dez/2019 Tab.5"
"7101144","7101144.Sobrancelha","servico",TRUE,NA,FALSE,"BCB RI Dez/2019 Tab.5"
"7201006","7201006.Clube","servico",TRUE,NA,FALSE,"BCB RI Dez/2019 Tab.5"
"7201010","7201010.Instrumento musical","duravel",NA,NA,TRUE,"BCB RI Dez/2019 Tab.5"
"7201015","7201015.Tratamento de animais (clínica)","servico",TRUE,NA,FALSE,"BCB RI Dez/2019 Tab.5"
"7201019","7201019.Bicicleta","duravel",NA,NA,TRUE,"BCB RI Dez/2019 Tab.5"
"7201020","7201020.Alimento para animais","nao_duravel_industrial",NA,NA,TRUE,"BCB RI Dez/2019 Tab.5"
"7201023","7201023.Brinquedo","semiduravel",NA,NA,TRUE,"BCB RI Dez/2019 Tab.5"
"7201054","7201054.Casa noturna","servico",TRUE,NA,FALSE,"BCB RI Dez/2019 Tab.5"
"7201063","7201063.Jogos de azar","monitorado",NA,NA,FALSE,"BCB RI Dez/2019 Tab.5"
"7201067","7201067.Material de caça e pesca","semiduravel",NA,NA,TRUE,"BCB RI Dez/2019 Tab.5"
"7201090","7201090.Hospedagem","servico",FALSE,NA,FALSE,"BCB RI Dez/2019 Tab.5"
"7201095","7201095.Pacote turístico","servico",FALSE,NA,FALSE,"BCB RI Dez/2019 Tab.5"
"7201256","7201256.Serviço de higiene para animais","servico",TRUE,NA,FALSE,"BCB RI Dez/2019 Tab.5"
"7201266","7201266.Cinema, teatro e concertos","servico",TRUE,NA,FALSE,"BCB RI Dez/2019 Tab.5"
"7202041","7202041.Cigarro","nao_duravel_industrial",NA,NA,TRUE,"BCB RI Dez/2019 Tab.5"
"8101001","8101001.Creche","servico",FALSE,NA,FALSE,"BCB RI Dez/2019 Tab.5"
"8101002","8101002.Pré-escola","servico",FALSE,NA,FALSE,"BCB RI Dez/2019 Tab.5"
"8101003","8101003.Ensino fundamental","servico",FALSE,NA,FALSE,"BCB RI Dez/2019 Tab.5"
"8101004","8101004.Ensino médio","servico",FALSE,NA,FALSE,"BCB RI Dez/2019 Tab.5"
"8101005","8101005.Ensino superior","servico",FALSE,NA,FALSE,"BCB RI Dez/2019 Tab.5"
"8101006","8101006.Pós-graduação","servico",FALSE,NA,FALSE,"BCB RI Dez/2019 Tab.5"
"8101008","8101008.Educação de jovens e adultos","servico",FALSE,NA,FALSE,"BCB RI Dez/2019 Tab.5"
"8101045","8101045.Curso técnico","servico",FALSE,NA,FALSE,"BCB RI Dez/2019 Tab.5"
"8102001","8102001.Jornal diário","nao_duravel_industrial",NA,NA,TRUE,"BCB RI Dez/2019 Tab.5"
"8102004","8102004.Revista","nao_duravel_industrial",NA,NA,TRUE,"BCB RI Dez/2019 Tab.5"
"8102007","8102007.Livro didático","semiduravel",NA,NA,TRUE,"BCB RI Dez/2019 Tab.5"
"8102008","8102008.Livro não didático","semiduravel",NA,NA,TRUE,"BCB RI Dez/2019 Tab.5"
"8103001","8103001.Caderno","nao_duravel_industrial",NA,NA,TRUE,"BCB RI Dez/2019 Tab.5"
"8103014","8103014.Artigos de papelaria","nao_duravel_industrial",NA,NA,TRUE,"BCB RI Dez/2019 Tab.5"
"8104001","8104001.Curso preparatório","servico",FALSE,NA,FALSE,"BCB RI Dez/2019 Tab.5"
"8104003","8104003.Curso de idioma","servico",FALSE,NA,FALSE,"BCB RI Dez/2019 Tab.5"
"8104004","8104004.Curso de informática","servico",FALSE,NA,FALSE,"BCB RI Dez/2019 Tab.5"
"8104005","8104005.Autoescola","servico",FALSE,NA,FALSE,"BCB RI Dez/2019 Tab.5"
"8104006","8104006.Atividades físicas","servico",FALSE,NA,FALSE,"BCB RI Dez/2019 Tab.5"
"9101001","9101001.Correio","monitorado",NA,NA,FALSE,"BCB RI Dez/2019 Tab.5"
"9101002","9101002.Plano de telefonia fixa","monitorado",NA,NA,FALSE,"BCB RI Dez/2019 Tab.5"
"9101008","9101008.Plano de telefonia móvel","servico",FALSE,NA,FALSE,"BCB RI Dez/2019 Tab.5"
"9101010","9101010.Tv por assinatura","servico",FALSE,NA,FALSE,"BCB RI Dez/2019 Tab.5"
"9101018","9101018.Acesso à internet","servico",FALSE,NA,FALSE,"BCB RI Dez/2019 Tab.5"
"9101019","9101019.Aparelho telefônico","duravel",NA,NA,TRUE,"BCB RI Dez/2019 Tab.5"
"9101115","9101115.Serviços de streaming","servico",FALSE,NA,FALSE,"BCB RI Dez/2019 Tab.5"
"9101116","9101116.Combo de telefonia, internet e tv por assinatura","servico",FALSE,NA,FALSE,"BCB RI Dez/2019 Tab.5"
