date,series_id,value,release_date,vintage_date
2000-01-01,1,100.0,2026-07-21,2026-07-21
2000-02-01,1,100.417827,2026-07-21,2026-07-21
2000-03-01,1,101.183844,2026-07-21,2026-07-21
2000-04-01,1,101.601671,2026-07-21,2026-07-21
2000-05-01,1,101.32312,2026-07-21,2026-07-21
2000-06-01,1,100.626741,2026-07-21,2026-07-21
2000-07-01,1,100.139276,2026-07-21,2026-07-21
2000-08-01,1,100.069638,2026-07-21,2026-07-21
2000-09-01,1,101.044568,2026-07-21,2026-07-21
2000-10-01,1,101.392758,2026-07-21,2026-07-21
2000-11-01,1,101.671309,2026-07-21,2026-07-21
2000-12-01,1,101.044568,2026-07-21,2026-07-21
2001-01-01,1,100.835655,2026-07-21,2026-07-21
2001-02-01,1,101.32312,2026-07-21,2026-07-21
2001-03-01,1,101.810585,2026-07-21,2026-07-21
2001-04-01,1,102.089136,2026-07-21,2026-07-21
2001-05-01,1,101.462396,2026-07-21,2026-07-21
2001-06-01,1,100.905292,2026-07-21,2026-07-21
2001-07-01,1,100.557103,2026-07-21,2026-07-21
2001-08-01,1,100.139276,2026-07-21,2026-07-21
2001-09-01,1,101.114206,2026-07-21,2026-07-21
2001-10-01,1,101.392758,2026-07-21,2026-07-21
2001-11-01,1,101.671309,2026-07-21,2026-07-21
2001-12-01,1,100.766017,2026-07-21,2026-07-21
2002-01-01,1,100.069638,2026-07-21,2026-07-21
2002-02-01,1,100.417827,2026-07-21,2026-07-21
2002-03-01,1,100.696379,2026-07-21,2026-07-21
2002-04-01,1,101.044568,2026-07-21,2026-07-21
2002-05-01,1,100.557103,2026-07-21,2026-07-21
2002-06-01,1,99.860724,2026-07-21,2026-07-21
2002-07-01,1,99.233983,2026-07-21,2026-07-21
2002-08-01,1,99.442897,2026-07-21,2026-07-21
2002-09-01,1,100.0,2026-07-21,2026-07-21
2002-10-01,1,100.208914,2026-07-21,2026-07-21
2002-11-01,1,100.0,2026-07-21,2026-07-21
2002-12-01,1,99.233983,2026-07-21,2026-07-21
2003-01-01,1,98.67688,2026-07-21,2026-07-21
2003-02-01,1,98.955432,2026-07-21,2026-07-21
2003-03-01,1,99.303621,2026-07-21,2026-07-21
2003-04-01,1,99.233983,2026-07-21,2026-07-21
2003-05-01,1,98.67688,2026-07-21,2026-07-21
2003-06-01,1,98.050139,2026-07-21,2026-07-21
2003-07-01,1,97.423398,2026-07-21,2026-07-21
2003-08-01,1,97.284123,2026-07-21,2026-07-21
2003-09-01,1,97.632312,2026-07-21,2026-07-21
2003-10-01,1,97.771588,2026-07-21,2026-07-21
2003-11-01,1,97.423398,2026-07-21,2026-07-21
2003-12-01,1,96.796657,2026-07-21,2026-07-21
2004-01-01,1,96.448468,2026-07-21,2026-07-21
2004-02-01,1,97.005571,2026-07-21,2026-07-21
2004-03-01,1,97.70195,2026-07-21,2026-07-21
2004-04-01,1,97.841226,2026-07-21,2026-07-21
2004-05-01,1,97.632312,2026-07-21,2026-07-21
2004-06-01,1,97.075209,2026-07-21,2026-07-21
2004-07-01,1,96.239554,2026-07-21,2026-07-21
2004-08-01,1,96.169916,2026-07-21,2026-07-21
2004-09-01,1,97.075209,2026-07-21,2026-07-21
2004-10-01,1,97.841226,2026-07-21,2026-07-21
2004-11-01,1,97.910864,2026-07-21,2026-07-21
2004-12-01,1,97.35376,2026-07-21,2026-07-21
2005-01-01,1,97.284123,2026-07-21,2026-07-21
2005-02-01,1,97.70195,2026-07-21,2026-07-21
2005-03-01,1,98.259053,2026-07-21,2026-07-21
2005-04-01,1,98.328691,2026-07-21,2026-07-21
2005-05-01,1,98.259053,2026-07-21,2026-07-21
2005-06-01,1,97.493036,2026-07-21,2026-07-21
2005-07-01,1,96.727019,2026-07-21,2026-07-21
2005-08-01,1,96.796657,2026-07-21,2026-07-21
2005-09-01,1,97.632312,2026-07-21,2026-07-21
2005-10-01,1,98.189415,2026-07-21,2026-07-21
2005-11-01,1,98.050139,2026-07-21,2026-07-21
2005-12-01,1,97.562674,2026-07-21,2026-07-21
2006-01-01,1,97.423398,2026-07-21,2026-07-21
2006-02-01,1,97.70195,2026-07-21,2026-07-21
2006-03-01,1,98.537604,2026-07-21,2026-07-21
2006-04-01,1,98.67688,2026-07-21,2026-07-21
2006-05-01,1,98.537604,2026-07-21,2026-07-21
2006-06-01,1,97.980501,2026-07-21,2026-07-21
2006-07-01,1,97.214485,2026-07-21,2026-07-21
2006-08-01,1,97.423398,2026-07-21,2026-07-21
2006-09-01,1,98.119777,2026-07-21,2026-07-21
2006-10-01,1,98.328691,2026-07-21,2026-07-21
2006-11-01,1,97.910864,2026-07-21,2026-07-21
2006-12-01,1,97.423398,2026-07-21,2026-07-21
2007-01-01,1,97.233983,2026-07-21,2026-07-21
2007-02-01,1,97.705432,2026-07-21,2026-07-21
2007-03-01,1,98.228412,2026-07-21,2026-07-21
2007-04-01,1,98.185933,2026-07-21,2026-07-21
2007-05-01,1,97.85376,2026-07-21,2026-07-21
2007-06-01,1,97.206825,2026-07-21,2026-07-21
2007-07-01,1,96.627437,2026-07-21,2026-07-21
2007-08-01,1,96.723538,2026-07-21,2026-07-21
2007-09-01,1,97.373259,2026-07-21,2026-07-21
2007-10-01,1,97.841922,2026-07-21,2026-07-21
2007-11-01,1,97.873955,2026-07-21,2026-07-21
2007-12-01,1,97.502786,2026-07-21,2026-07-21
2008-01-01,1,97.385097,2026-07-21,2026-07-21
2008-02-01,1,97.718663,2026-07-21,2026-07-21
2008-03-01,1,98.228412,2026-07-21,2026-07-21
2008-04-01,1,98.29805,2026-07-21,2026-07-21
2008-05-01,1,97.964485,2026-07-21,2026-07-21
2008-06-01,1,97.440808,2026-07-21,2026-07-21
2008-07-01,1,97.16922,2026-07-21,2026-07-21
2008-08-01,1,97.343315,2026-07-21,2026-07-21
2008-09-01,1,97.860724,2026-07-21,2026-07-21
2008-10-01,1,97.95195,2026-07-21,2026-07-21
2008-11-01,1,97.657382,2026-07-21,2026-07-21
2008-12-01,1,96.955432,2026-07-21,2026-07-21
2009-01-01,1,96.873955,2026-07-21,2026-07-21
2009-02-01,1,97.681058,2026-07-21,2026-07-21
2009-03-01,1,98.650418,2026-07-21,2026-07-21
2009-04-01,1,99.226323,2026-07-21,2026-07-21
2009-05-01,1,99.13649,2026-07-21,2026-07-21
2009-06-01,1,98.87883,2026-07-21,2026-07-21
2009-07-01,1,98.511838,2026-07-21,2026-07-21
2009-08-01,1,98.405292,2026-07-21,2026-07-21
2009-09-01,1,99.393454,2026-07-21,2026-07-21
2009-10-01,1,100.178969,2026-07-21,2026-07-21
2009-11-01,1,100.188719,2026-07-21,2026-07-21
2009-12-01,1,99.848886,2026-07-21,2026-07-21
2010-01-01,1,99.66922,2026-07-21,2026-07-21
2010-02-01,1,100.077298,2026-07-21,2026-07-21
2010-03-01,1,100.556407,2026-07-21,2026-07-21
2010-04-01,1,100.39624,2026-07-21,2026-07-21
2010-05-01,1,100.200557,2026-07-21,2026-07-21
2010-06-01,1,99.844011,2026-07-21,2026-07-21
2010-07-01,1,99.487465,2026-07-21,2026-07-21
2010-08-01,1,99.725627,2026-07-21,2026-07-21
2010-09-01,1,100.185237,2026-07-21,2026-07-21
2010-10-01,1,100.29805,2026-07-21,2026-07-21
2010-11-01,1,99.995822,2026-07-21,2026-07-21
2010-12-01,1,99.463788,2026-07-21,2026-07-21
2011-01-01,1,99.474234,2026-07-21,2026-07-21
2011-02-01,1,100.077994,2026-07-21,2026-07-21
2011-03-01,1,100.718663,2026-07-21,2026-07-21
2011-04-01,1,101.123955,2026-07-21,2026-07-21
2011-05-01,1,101.432451,2026-07-21,2026-07-21
2011-06-01,1,101.490947,2026-07-21,2026-07-21
2011-07-01,1,101.31337,2026-07-21,2026-07-21
2011-08-01,1,101.782033,2026-07-21,2026-07-21
2011-09-01,1,102.182451,2026-07-21,2026-07-21
2011-10-01,1,102.415042,2026-07-21,2026-07-21
2011-11-01,1,102.236072,2026-07-21,2026-07-21
2011-12-01,1,101.621866,2026-07-21,2026-07-21
2012-01-01,1,101.645543,2026-07-21,2026-07-21
2012-02-01,1,102.108635,2026-07-21,2026-07-21
2012-03-01,1,102.816156,2026-07-21,2026-07-21
2012-04-01,1,103.112813,2026-07-21,2026-07-21
2012-05-01,1,103.077994,2026-07-21,2026-07-21
2012-06-01,1,102.872563,2026-07-21,2026-07-21
2012-07-01,1,102.463092,2026-07-21,2026-07-21
2012-08-01,1,102.460306,2026-07-21,2026-07-21
2012-09-01,1,102.883008,2026-07-21,2026-07-21
2012-10-01,1,103.089136,2026-07-21,2026-07-21
2012-11-01,1,102.706825,2026-07-21,2026-07-21
2012-12-01,1,101.940808,2026-07-21,2026-07-21
2013-01-01,1,102.013928,2026-07-21,2026-07-21
2013-02-01,1,102.432451,2026-07-21,2026-07-21
2013-03-01,1,102.866992,2026-07-21,2026-07-21
2013-04-01,1,103.058496,2026-07-21,2026-07-21
2013-05-01,1,102.898329,2026-07-21,2026-07-21
2013-06-01,1,102.635794,2026-07-21,2026-07-21
2013-07-01,1,102.278552,2026-07-21,2026-07-21
2013-08-01,1,102.428969,2026-07-21,2026-07-21
2013-09-01,1,102.826602,2026-07-21,2026-07-21
2013-10-01,1,102.93454,2026-07-21,2026-07-21
2013-11-01,1,102.500696,2026-07-21,2026-07-21
2013-12-01,1,101.864206,2026-07-21,2026-07-21
2014-01-01,1,101.688719,2026-07-21,2026-07-21
2014-02-01,1,102.025766,2026-07-21,2026-07-21
2014-03-01,1,102.52507,2026-07-21,2026-07-21
2014-04-01,1,102.777855,2026-07-21,2026-07-21
2014-05-01,1,102.683844,2026-07-21,2026-07-21
2014-06-01,1,102.428273,2026-07-21,2026-07-21
2014-07-01,1,101.986072,2026-07-21,2026-07-21
2014-08-01,1,102.03273,2026-07-21,2026-07-21
2014-09-01,1,102.554318,2026-07-21,2026-07-21
2014-10-01,1,102.745125,2026-07-21,2026-07-21
2014-11-01,1,101.977019,2026-07-21,2026-07-21
2014-12-01,1,101.06337,2026-07-21,2026-07-21
2015-01-01,1,100.880919,2026-07-21,2026-07-21
2015-02-01,1,101.504875,2026-07-21,2026-07-21
2015-03-01,1,102.288997,2026-07-21,2026-07-21
2015-04-01,1,102.578691,2026-07-21,2026-07-21
2015-05-01,1,102.377437,2026-07-21,2026-07-21
2015-06-01,1,101.980501,2026-07-21,2026-07-21
2015-07-01,1,101.477716,2026-07-21,2026-07-21
2015-08-01,1,101.537604,2026-07-21,2026-07-21
2015-09-01,1,102.019499,2026-07-21,2026-07-21
2015-10-01,1,102.022284,2026-07-21,2026-07-21
2015-11-01,1,101.409471,2026-07-21,2026-07-21
2015-12-01,1,100.642061,2026-07-21,2026-07-21
2016-01-01,1,100.783426,2026-07-21,2026-07-21
2016-02-01,1,101.571031,2026-07-21,2026-07-21
2016-03-01,1,101.92688,2026-07-21,2026-07-21
2016-04-01,1,102.064763,2026-07-21,2026-07-21
2016-05-01,1,101.831476,2026-07-21,2026-07-21
2016-06-01,1,101.334958,2026-07-21,2026-07-21
2016-07-01,1,100.857939,2026-07-21,2026-07-21
2016-08-01,1,101.072423,2026-07-21,2026-07-21
2016-09-01,1,101.366295,2026-07-21,2026-07-21
2016-10-01,1,101.463092,2026-07-21,2026-07-21
2016-11-01,1,100.691504,2026-07-21,2026-07-21
2016-12-01,1,100.047354,2026-07-21,2026-07-21
2017-01-01,1,100.53273,2026-07-21,2026-07-21
2017-02-01,1,101.072423,2026-07-21,2026-07-21
2017-03-01,1,101.341922,2026-07-21,2026-07-21
2017-04-01,1,101.438022,2026-07-21,2026-07-21
2017-05-01,1,101.057799,2026-07-21,2026-07-21
2017-06-01,1,100.680362,2026-07-21,2026-07-21
2017-07-01,1,100.219359,2026-07-21,2026-07-21
2017-08-01,1,100.205432,2026-07-21,2026-07-21
2017-09-01,1,100.35376,2026-07-21,2026-07-21
2017-10-01,1,100.468663,2026-07-21,2026-07-21
2017-11-01,1,99.787604,2026-07-21,2026-07-21
2017-12-01,1,99.336351,2026-07-21,2026-07-21
2018-01-01,1,99.872563,2026-07-21,2026-07-21
2018-02-01,1,100.56546,2026-07-21,2026-07-21
2018-03-01,1,101.009749,2026-07-21,2026-07-21
2018-04-01,1,101.066156,2026-07-21,2026-07-21
2018-05-01,1,100.797354,2026-07-21,2026-07-21
2018-06-01,1,100.443593,2026-07-21,2026-07-21
2018-07-01,1,100.181755,2026-07-21,2026-07-21
2018-08-01,1,99.999304,2026-07-21,2026-07-21
2018-09-01,1,100.028552,2026-07-21,2026-07-21
2018-10-01,1,100.371866,2026-07-21,2026-07-21
2018-11-01,1,99.95961,2026-07-21,2026-07-21
2018-12-01,1,99.470752,2026-07-21,2026-07-21
2019-01-01,1,100.203343,2026-07-21,2026-07-21
2019-02-01,1,100.702646,2026-07-21,2026-07-21
2019-03-01,1,100.970752,2026-07-21,2026-07-21
2019-04-01,1,100.87117,2026-07-21,2026-07-21
2019-05-01,1,100.596797,2026-07-21,2026-07-21
2019-06-01,1,100.599582,2026-07-21,2026-07-21
2019-07-01,1,100.590529,2026-07-21,2026-07-21
2019-08-01,1,100.839833,2026-07-21,2026-07-21
2019-09-01,1,100.693593,2026-07-21,2026-07-21
2019-10-01,1,100.680362,2026-07-21,2026-07-21
2019-11-01,1,100.084958,2026-07-21,2026-07-21
2019-12-01,1,99.526462,2026-07-21,2026-07-21
2020-01-01,1,99.952646,2026-07-21,2026-07-21
2020-02-01,1,100.699861,2026-07-21,2026-07-21
2020-03-01,1,100.778552,2026-07-21,2026-07-21
2020-04-01,1,100.009053,2026-07-21,2026-07-21
2020-05-01,1,99.557103,2026-07-21,2026-07-21
2020-06-01,1,99.518106,2026-07-21,2026-07-21
2020-07-01,1,100.066852,2026-07-21,2026-07-21
2020-08-01,1,101.247214,2026-07-21,2026-07-21
2020-09-01,1,101.738162,2026-07-21,2026-07-21
2020-10-01,1,101.853064,2026-07-21,2026-07-21
2020-11-01,1,101.497214,2026-07-21,2026-07-21
2020-12-01,1,101.195682,2026-07-21,2026-07-21
2021-01-01,1,101.652507,2026-07-21,2026-07-21
2021-02-01,1,102.041783,2026-07-21,2026-07-21
2021-03-01,1,102.479109,2026-07-21,2026-07-21
2021-04-01,1,104.397632,2026-07-21,2026-07-21
2021-05-01,1,106.000696,2026-07-21,2026-07-21
2021-06-01,1,108.13649,2026-07-21,2026-07-21
2021-07-01,1,108.546657,2026-07-21,2026-07-21
2021-08-01,1,109.039694,2026-07-21,2026-07-21
2021-09-01,1,109.13649,2026-07-21,2026-07-21
2021-10-01,1,110.410864,2026-07-21,2026-07-21
2021-11-01,1,111.020891,2026-07-21,2026-07-21
2021-12-01,1,112.012535,2026-07-21,2026-07-21
2022-01-01,1,113.503482,2026-07-21,2026-07-21
2022-02-01,1,114.595404,2026-07-21,2026-07-21
2022-03-01,1,114.518802,2026-07-21,2026-07-21
2022-04-01,1,114.568245,2026-07-21,2026-07-21
2022-05-01,1,115.0,2026-07-21,2026-07-21
2022-06-01,1,115.879526,2026-07-21,2026-07-21
2022-07-01,1,116.118384,2026-07-21,2026-07-21
2022-08-01,1,116.738858,2026-07-21,2026-07-21
2022-09-01,1,116.367688,2026-07-21,2026-07-21
2022-10-01,1,116.017409,2026-07-21,2026-07-21
2022-11-01,1,115.105153,2026-07-21,2026-07-21
2022-12-01,1,114.417827,2026-07-21,2026-07-21
2023-01-01,1,115.139276,2026-07-21,2026-07-21
2023-02-01,1,115.770195,2026-07-21,2026-07-21
2023-03-01,1,116.268106,2026-07-21,2026-07-21
2023-04-01,1,116.875348,2026-07-21,2026-07-21
2023-05-01,1,117.339136,2026-07-21,2026-07-21
2023-06-01,1,117.401114,2026-07-21,2026-07-21
2023-07-01,1,117.001393,2026-07-21,2026-07-21
2023-08-01,1,117.011838,2026-07-21,2026-07-21
2023-09-01,1,116.393454,2026-07-21,2026-07-21
2023-10-01,1,116.127437,2026-07-21,2026-07-21
2023-11-01,1,115.158078,2026-07-21,2026-07-21
2023-12-01,1,114.616992,2026-07-21,2026-07-21
2024-01-01,1,114.809192,2026-07-21,2026-07-21
2024-02-01,1,115.426184,2026-07-21,2026-07-21
2024-03-01,1,115.511838,2026-07-21,2026-07-21
2024-04-01,1,115.389972,2026-07-21,2026-07-21
2024-05-01,1,115.288997,2026-07-21,2026-07-21
2024-06-01,1,115.245822,2026-07-21,2026-07-21
2024-07-01,1,114.788301,2026-07-21,2026-07-21
2024-08-01,1,114.841226,2026-07-21,2026-07-21
2024-09-01,1,115.274373,2026-07-21,2026-07-21
2024-10-01,1,114.963788,2026-07-21,2026-07-21
2024-11-01,1,114.488858,2026-07-21,2026-07-21
2024-12-01,1,114.005571,2026-07-21,2026-07-21
2025-01-01,1,114.655292,2026-07-21,2026-07-21
2025-02-01,1,115.291783,2026-07-21,2026-07-21
2025-03-01,1,115.394847,2026-07-21,2026-07-21
2025-04-01,1,115.54039,2026-07-21,2026-07-21
2025-05-01,1,115.61351,2026-07-21,2026-07-21
2025-06-01,1,116.055014,2026-07-21,2026-07-21
2025-07-01,1,116.132312,2026-07-21,2026-07-21
2025-08-01,1,116.607242,2026-07-21,2026-07-21
2025-09-01,1,117.049443,2026-07-21,2026-07-21
2025-11-01,1,116.081476,2026-07-21,2026-07-21
2025-12-01,1,115.624652,2026-07-21,2026-07-21
2026-01-01,1,115.935933,2026-07-21,2026-07-21
2026-02-01,1,116.438719,2026-07-21,2026-07-21
2026-03-01,1,116.759053,2026-07-21,2026-07-21
2026-04-01,1,116.845404,2026-07-21,2026-07-21
2026-05-01,1,116.841922,2026-07-21,2026-07-21
2026-06-01,1,117.004875,2026-07-21,2026-07-21
2000-01-01,2,100.0,2026-07-21,2026-07-21
2000-02-01,2,100.0,2026-07-21,2026-07-21
2000-03-01,2,100.2079,2026-07-21,2026-07-21
2000-04-01,2,100.4158,2026-07-21,2026-07-21
2000-05-01,2,100.4158,2026-07-21,2026-07-21
2000-06-01,2,100.2772,2026-07-21,2026-07-21
2000-07-01,2,100.4158,2026-07-21,2026-07-21
2000-08-01,2,100.3465,2026-07-21,2026-07-21
2000-09-01,2,100.623701,2026-07-21,2026-07-21
2000-10-01,2,100.4158,2026-07-21,2026-07-21
2000-11-01,2,100.762301,2026-07-21,2026-07-21
2000-12-01,2,100.693001,2026-07-21,2026-07-21
2001-01-01,2,100.831601,2026-07-21,2026-07-21
2001-02-01,2,100.900901,2026-07-21,2026-07-21
2001-03-01,2,100.831601,2026-07-21,2026-07-21
2001-04-01,2,100.831601,2026-07-21,2026-07-21
2001-05-01,2,100.554401,2026-07-21,2026-07-21
2001-06-01,2,100.623701,2026-07-21,2026-07-21
2001-07-01,2,100.900901,2026-07-21,2026-07-21
2001-08-01,2,100.4158,2026-07-21,2026-07-21
2001-09-01,2,100.623701,2026-07-21,2026-07-21
2001-10-01,2,100.4851,2026-07-21,2026-07-21
2001-11-01,2,100.762301,2026-07-21,2026-07-21
2001-12-01,2,100.4851,2026-07-21,2026-07-21
2002-01-01,2,100.0693,2026-07-21,2026-07-21
2002-02-01,2,99.9307,2026-07-21,2026-07-21
2002-03-01,2,99.6535,2026-07-21,2026-07-21
2002-04-01,2,99.8614,2026-07-21,2026-07-21
2002-05-01,2,99.6535,2026-07-21,2026-07-21
2002-06-01,2,99.6535,2026-07-21,2026-07-21
2002-07-01,2,99.5842,2026-07-21,2026-07-21
2002-08-01,2,99.7228,2026-07-21,2026-07-21
2002-09-01,2,99.5842,2026-07-21,2026-07-21
2002-10-01,2,99.306999,2026-07-21,2026-07-21
2002-11-01,2,99.099099,2026-07-21,2026-07-21
2002-12-01,2,98.891199,2026-07-21,2026-07-21
2003-01-01,2,98.683299,2026-07-21,2026-07-21
2003-02-01,2,98.475398,2026-07-21,2026-07-21
2003-03-01,2,98.267498,2026-07-21,2026-07-21
2003-04-01,2,98.128898,2026-07-21,2026-07-21
2003-05-01,2,97.782398,2026-07-21,2026-07-21
2003-06-01,2,97.782398,2026-07-21,2026-07-21
2003-07-01,2,97.782398,2026-07-21,2026-07-21
2003-08-01,2,97.574498,2026-07-21,2026-07-21
2003-09-01,2,97.158697,2026-07-21,2026-07-21
2003-10-01,2,96.812197,2026-07-21,2026-07-21
2003-11-01,2,96.604297,2026-07-21,2026-07-21
2003-12-01,2,96.534997,2026-07-21,2026-07-21
2004-01-01,2,96.534997,2026-07-21,2026-07-21
2004-02-01,2,96.604297,2026-07-21,2026-07-21
2004-03-01,2,96.742897,2026-07-21,2026-07-21
2004-04-01,2,96.742897,2026-07-21,2026-07-21
2004-05-01,2,96.812197,2026-07-21,2026-07-21
2004-06-01,2,96.742897,2026-07-21,2026-07-21
2004-07-01,2,96.534997,2026-07-21,2026-07-21
2004-08-01,2,96.327096,2026-07-21,2026-07-21
2004-09-01,2,96.604297,2026-07-21,2026-07-21
2004-10-01,2,96.881497,2026-07-21,2026-07-21
2004-11-01,2,97.158697,2026-07-21,2026-07-21
2004-12-01,2,97.089397,2026-07-21,2026-07-21
2005-01-01,2,97.297297,2026-07-21,2026-07-21
2005-02-01,2,97.227997,2026-07-21,2026-07-21
2005-03-01,2,97.227997,2026-07-21,2026-07-21
2005-04-01,2,97.158697,2026-07-21,2026-07-21
2005-05-01,2,97.366597,2026-07-21,2026-07-21
2005-06-01,2,97.227997,2026-07-21,2026-07-21
2005-07-01,2,97.089397,2026-07-21,2026-07-21
2005-08-01,2,97.020097,2026-07-21,2026-07-21
2005-09-01,2,97.158697,2026-07-21,2026-07-21
2005-10-01,2,97.227997,2026-07-21,2026-07-21
2005-11-01,2,97.297297,2026-07-21,2026-07-21
2005-12-01,2,97.227997,2026-07-21,2026-07-21
2006-01-01,2,97.366597,2026-07-21,2026-07-21
2006-02-01,2,97.227997,2026-07-21,2026-07-21
2006-03-01,2,97.435897,2026-07-21,2026-07-21
2006-04-01,2,97.574498,2026-07-21,2026-07-21
2006-05-01,2,97.643798,2026-07-21,2026-07-21
2006-06-01,2,97.713098,2026-07-21,2026-07-21
2006-07-01,2,97.574498,2026-07-21,2026-07-21
2006-08-01,2,97.643798,2026-07-21,2026-07-21
2006-09-01,2,97.643798,2026-07-21,2026-07-21
2006-10-01,2,97.505198,2026-07-21,2026-07-21
2006-11-01,2,97.158697,2026-07-21,2026-07-21
2006-12-01,2,97.158697,2026-07-21,2026-07-21
2007-01-01,2,97.198891,2026-07-21,2026-07-21
2007-02-01,2,97.227304,2026-07-21,2026-07-21
2007-03-01,2,97.196812,2026-07-21,2026-07-21
2007-04-01,2,97.099792,2026-07-21,2026-07-21
2007-05-01,2,97.008316,2026-07-21,2026-07-21
2007-06-01,2,96.907138,2026-07-21,2026-07-21
2007-07-01,2,96.91684,2026-07-21,2026-07-21
2007-08-01,2,96.887041,2026-07-21,2026-07-21
2007-09-01,2,96.866251,2026-07-21,2026-07-21
2007-10-01,2,96.973666,2026-07-21,2026-07-21
2007-11-01,2,97.155925,2026-07-21,2026-07-21
2007-12-01,2,97.230076,2026-07-21,2026-07-21
2008-01-01,2,97.427581,2026-07-21,2026-07-21
2008-02-01,2,97.303534,2026-07-21,2026-07-21
2008-03-01,2,97.223839,2026-07-21,2026-07-21
2008-04-01,2,97.209979,2026-07-21,2026-07-21
2008-05-01,2,97.114345,2026-07-21,2026-07-21
2008-06-01,2,97.103257,2026-07-21,2026-07-21
2008-07-01,2,97.29799,2026-07-21,2026-07-21
2008-08-01,2,97.355509,2026-07-21,2026-07-21
2008-09-01,2,97.304227,2026-07-21,2026-07-21
2008-10-01,2,97.111573,2026-07-21,2026-07-21
2008-11-01,2,97.031185,2026-07-21,2026-07-21
2008-12-01,2,96.809425,2026-07-21,2026-07-21
2009-01-01,2,96.914068,2026-07-21,2026-07-21
2009-02-01,2,97.277893,2026-07-21,2026-07-21
2009-03-01,2,97.677062,2026-07-21,2026-07-21
2009-04-01,2,98.157311,2026-07-21,2026-07-21
2009-05-01,2,98.283437,2026-07-21,2026-07-21
2009-06-01,2,98.505198,2026-07-21,2026-07-21
2009-07-01,2,98.564103,2026-07-21,2026-07-21
2009-08-01,2,98.349272,2026-07-21,2026-07-21
2009-09-01,2,98.77824,2026-07-21,2026-07-21
2009-10-01,2,99.320166,2026-07-21,2026-07-21
2009-11-01,2,99.59113,2026-07-21,2026-07-21
2009-12-01,2,99.786556,2026-07-21,2026-07-21
2010-01-01,2,99.871102,2026-07-21,2026-07-21
2010-02-01,2,99.830215,2026-07-21,2026-07-21
2010-03-01,2,99.708247,2026-07-21,2026-07-21
2010-04-01,2,99.413721,2026-07-21,2026-07-21
2010-05-01,2,99.309771,2026-07-21,2026-07-21
2010-06-01,2,99.336105,2026-07-21,2026-07-21
2010-07-01,2,99.331947,2026-07-21,2026-07-21
2010-08-01,2,99.385308,2026-07-21,2026-07-21
2010-09-01,2,99.452529,2026-07-21,2026-07-21
2010-10-01,2,99.426888,2026-07-21,2026-07-21
2010-11-01,2,99.469854,2026-07-21,2026-07-21
2010-12-01,2,99.516286,2026-07-21,2026-07-21
2011-01-01,2,99.730423,2026-07-21,2026-07-21
2011-02-01,2,99.910603,2026-07-21,2026-07-21
2011-03-01,2,99.998614,2026-07-21,2026-07-21
2011-04-01,2,100.139986,2026-07-21,2026-07-21
2011-05-01,2,100.522523,2026-07-21,2026-07-21
2011-06-01,2,100.870409,2026-07-21,2026-07-21
2011-07-01,2,101.050589,2026-07-21,2026-07-21
2011-08-01,2,101.345807,2026-07-21,2026-07-21
2011-09-01,2,101.364518,2026-07-21,2026-07-21
2011-10-01,2,101.512128,2026-07-21,2026-07-21
2011-11-01,2,101.71587,2026-07-21,2026-07-21
2011-12-01,2,101.768538,2026-07-21,2026-07-21
2012-01-01,2,101.925849,2026-07-21,2026-07-21
2012-02-01,2,101.935551,2026-07-21,2026-07-21
2012-03-01,2,102.021483,2026-07-21,2026-07-21
2012-04-01,2,102.069993,2026-07-21,2026-07-21
2012-05-01,2,102.160776,2026-07-21,2026-07-21
2012-06-01,2,102.227304,2026-07-21,2026-07-21
2012-07-01,2,102.209979,2026-07-21,2026-07-21
2012-08-01,2,102.040194,2026-07-21,2026-07-21
2012-09-01,2,102.078309,2026-07-21,2026-07-21
2012-10-01,2,102.144837,2026-07-21,2026-07-21
2012-11-01,2,102.209286,2026-07-21,2026-07-21
2012-12-01,2,102.146223,2026-07-21,2026-07-21
2013-01-01,2,102.293832,2026-07-21,2026-07-21
2013-02-01,2,102.230076,2026-07-21,2026-07-21
2013-03-01,2,102.028413,2026-07-21,2026-07-21
2013-04-01,2,101.983368,2026-07-21,2026-07-21
2013-05-01,2,101.945253,2026-07-21,2026-07-21
2013-06-01,2,101.987526,2026-07-21,2026-07-21
2013-07-01,2,102.045045,2026-07-21,2026-07-21
2013-08-01,2,102.031878,2026-07-21,2026-07-21
2013-09-01,2,102.02772,2026-07-21,2026-07-21
2013-10-01,2,102.014553,2026-07-21,2026-07-21
2013-11-01,2,102.075537,2026-07-21,2026-07-21
2013-12-01,2,102.164241,2026-07-21,2026-07-21
2014-01-01,2,101.925849,2026-07-21,2026-07-21
2014-02-01,2,101.772003,2026-07-21,2026-07-21
2014-03-01,2,101.699238,2026-07-21,2026-07-21
2014-04-01,2,101.7228,2026-07-21,2026-07-21
2014-05-01,2,101.738046,2026-07-21,2026-07-21
2014-06-01,2,101.798337,2026-07-21,2026-07-21
2014-07-01,2,101.739432,2026-07-21,2026-07-21
2014-08-01,2,101.656965,2026-07-21,2026-07-21
2014-09-01,2,101.776854,2026-07-21,2026-07-21
2014-10-01,2,101.823285,2026-07-21,2026-07-21
2014-11-01,2,101.591823,2026-07-21,2026-07-21
2014-12-01,2,101.397089,2026-07-21,2026-07-21
2015-01-01,2,101.066528,2026-07-21,2026-07-21
2015-02-01,2,101.222453,2026-07-21,2026-07-21
2015-03-01,2,101.424809,2026-07-21,2026-07-21
2015-04-01,2,101.517672,2026-07-21,2026-07-21
2015-05-01,2,101.525988,2026-07-21,2026-07-21
2015-06-01,2,101.413028,2026-07-21,2026-07-21
2015-07-01,2,101.323631,2026-07-21,2026-07-21
2015-08-01,2,101.208593,2026-07-21,2026-07-21
2015-09-01,2,101.276507,2026-07-21,2026-07-21
2015-10-01,2,101.100485,2026-07-21,2026-07-21
2015-11-01,2,100.98614,2026-07-21,2026-07-21
2015-12-01,2,100.917533,2026-07-21,2026-07-21
2016-01-01,2,100.745669,2026-07-21,2026-07-21
2016-02-01,2,100.952183,2026-07-21,2026-07-21
2016-03-01,2,100.899515,2026-07-21,2026-07-21
2016-04-01,2,101.030492,2026-07-21,2026-07-21
2016-05-01,2,101.049203,2026-07-21,2026-07-21
2016-06-01,2,100.798337,2026-07-21,2026-07-21
2016-07-01,2,100.606376,2026-07-21,2026-07-21
2016-08-01,2,100.690229,2026-07-21,2026-07-21
2016-09-01,2,100.873181,2026-07-21,2026-07-21
2016-10-01,2,100.773389,2026-07-21,2026-07-21
2016-11-01,2,100.402633,2026-07-21,2026-07-21
2016-12-01,2,100.295218,2026-07-21,2026-07-21
2017-01-01,2,100.440055,2026-07-21,2026-07-21
2017-02-01,2,100.477477,2026-07-21,2026-07-21
2017-03-01,2,100.481635,2026-07-21,2026-07-21
2017-04-01,2,100.431046,2026-07-21,2026-07-21
2017-05-01,2,100.205821,2026-07-21,2026-07-21
2017-06-01,2,100.09009,2026-07-21,2026-07-21
2017-07-01,2,99.927928,2026-07-21,2026-07-21
2017-08-01,2,99.775468,2026-07-21,2026-07-21
2017-09-01,2,99.52183,2026-07-21,2026-07-21
2017-10-01,2,99.73666,2026-07-21,2026-07-21
2017-11-01,2,99.607762,2026-07-21,2026-07-21
2017-12-01,2,99.613306,2026-07-21,2026-07-21
2018-01-01,2,99.960499,2026-07-21,2026-07-21
2018-02-01,2,100.042273,2026-07-21,2026-07-21
2018-03-01,2,100.13167,2026-07-21,2026-07-21
2018-04-01,2,100.115038,2026-07-21,2026-07-21
2018-05-01,2,100.093555,2026-07-21,2026-07-21
2018-06-01,2,99.87526,2026-07-21,2026-07-21
2018-07-01,2,99.677755,2026-07-21,2026-07-21
2018-08-01,2,99.336105,2026-07-21,2026-07-21
2018-09-01,2,99.390852,2026-07-21,2026-07-21
2018-10-01,2,99.621622,2026-07-21,2026-07-21
2018-11-01,2,99.75745,2026-07-21,2026-07-21
2018-12-01,2,99.943174,2026-07-21,2026-07-21
2019-01-01,2,100.338184,2026-07-21,2026-07-21
2019-02-01,2,100.311157,2026-07-21,2026-07-21
2019-03-01,2,100.300069,2026-07-21,2026-07-21
2019-04-01,2,100.04851,2026-07-21,2026-07-21
2019-05-01,2,99.893278,2026-07-21,2026-07-21
2019-06-01,2,99.911989,2026-07-21,2026-07-21
2019-07-01,2,99.934858,2026-07-21,2026-07-21
2019-08-01,2,99.948025,2026-07-21,2026-07-21
2019-09-01,2,99.913375,2026-07-21,2026-07-21
2019-10-01,2,99.948025,2026-07-21,2026-07-21
2019-11-01,2,99.970201,2026-07-21,2026-07-21
2019-12-01,2,100.05544,2026-07-21,2026-07-21
2020-01-01,2,100.005544,2026-07-21,2026-07-21
2020-02-01,2,100.288981,2026-07-21,2026-07-21
2020-03-01,2,100.130284,2026-07-21,2026-07-21
2020-04-01,2,99.245322,2026-07-21,2026-07-21
2020-05-01,2,98.898822,2026-07-21,2026-07-21
2020-06-01,2,98.812197,2026-07-21,2026-07-21
2020-07-01,2,99.358974,2026-07-21,2026-07-21
2020-08-01,2,100.270963,2026-07-21,2026-07-21
2020-09-01,2,100.968815,2026-07-21,2026-07-21
2020-10-01,2,101.255717,2026-07-21,2026-07-21
2020-11-01,2,101.446985,2026-07-21,2026-07-21
2020-12-01,2,101.675676,2026-07-21,2026-07-21
2021-01-01,2,101.699238,2026-07-21,2026-07-21
2021-02-01,2,101.605683,2026-07-21,2026-07-21
2021-03-01,2,101.824671,2026-07-21,2026-07-21
2021-04-01,2,103.641026,2026-07-21,2026-07-21
2021-05-01,2,105.329868,2026-07-21,2026-07-21
2021-06-01,2,107.29106,2026-07-21,2026-07-21
2021-07-01,2,107.614692,2026-07-21,2026-07-21
2021-08-01,2,107.810118,2026-07-21,2026-07-21
2021-09-01,2,108.287595,2026-07-21,2026-07-21
2021-10-01,2,109.828829,2026-07-21,2026-07-21
2021-11-01,2,111.051282,2026-07-21,2026-07-21
2021-12-01,2,112.599446,2026-07-21,2026-07-21
2022-01-01,2,113.703396,2026-07-21,2026-07-21
2022-02-01,2,114.306999,2026-07-21,2026-07-21
2022-03-01,2,113.872488,2026-07-21,2026-07-21
2022-04-01,2,113.758143,2026-07-21,2026-07-21
2022-05-01,2,114.264033,2026-07-21,2026-07-21
2022-06-01,2,114.87526,2026-07-21,2026-07-21
2022-07-01,2,114.976438,2026-07-21,2026-07-21
2022-08-01,2,115.271656,2026-07-21,2026-07-21
2022-09-01,2,115.453915,2026-07-21,2026-07-21
2022-10-01,2,115.463617,2026-07-21,2026-07-21
2022-11-01,2,115.186417,2026-07-21,2026-07-21
2022-12-01,2,114.995842,2026-07-21,2026-07-21
2023-01-01,2,115.167706,2026-07-21,2026-07-21
2023-02-01,2,115.320859,2026-07-21,2026-07-21
2023-03-01,2,115.561331,2026-07-21,2026-07-21
2023-04-01,2,116.074151,2026-07-21,2026-07-21
2023-05-01,2,116.60499,2026-07-21,2026-07-21
2023-06-01,2,116.466389,2026-07-21,2026-07-21
2023-07-01,2,116.051282,2026-07-21,2026-07-21
2023-08-01,2,115.756757,2026-07-21,2026-07-21
2023-09-01,2,115.424809,2026-07-21,2026-07-21
2023-10-01,2,115.521137,2026-07-21,2026-07-21
2023-11-01,2,115.214137,2026-07-21,2026-07-21
2023-12-01,2,115.119196,2026-07-21,2026-07-21
2024-01-01,2,114.786556,2026-07-21,2026-07-21
2024-02-01,2,114.970894,2026-07-21,2026-07-21
2024-03-01,2,114.88219,2026-07-21,2026-07-21
2024-04-01,2,114.759529,2026-07-21,2026-07-21
2024-05-01,2,114.60499,2026-07-21,2026-07-21
2024-06-01,2,114.399861,2026-07-21,2026-07-21
2024-07-01,2,114.115731,2026-07-21,2026-07-21
2024-08-01,2,113.928621,2026-07-21,2026-07-21
2024-09-01,2,114.091476,2026-07-21,2026-07-21
2024-10-01,2,114.135828,2026-07-21,2026-07-21
2024-11-01,2,114.357588,2026-07-21,2026-07-21
2024-12-01,2,114.349272,2026-07-21,2026-07-21
2025-01-01,2,114.697159,2026-07-21,2026-07-21
2025-02-01,2,114.921691,2026-07-21,2026-07-21
2025-03-01,2,114.843382,2026-07-21,2026-07-21
2025-04-01,2,114.948025,2026-07-21,2026-07-21
2025-05-01,2,114.904366,2026-07-21,2026-07-21
2025-06-01,2,115.117117,2026-07-21,2026-07-21
2025-07-01,2,115.362439,2026-07-21,2026-07-21
2025-08-01,2,115.61885,2026-07-21,2026-07-21
2025-09-01,2,115.848926,2026-07-21,2026-07-21
2025-11-01,2,115.919612,2026-07-21,2026-07-21
2025-12-01,2,115.956341,2026-07-21,2026-07-21
2026-01-01,2,116.004158,2026-07-21,2026-07-21
2026-02-01,2,116.098406,2026-07-21,2026-07-21
2026-03-01,2,116.223146,2026-07-21,2026-07-21
2026-04-01,2,116.262647,2026-07-21,2026-07-21
2026-05-01,2,116.129591,2026-07-21,2026-07-21
2026-06-01,2,116.029799,2026-07-21,2026-07-21
2000-01-01,3,23.2227,2026-07-21,2026-07-21
2000-02-01,3,23.1848,2026-07-21,2026-07-21
2000-03-01,3,23.1789,2026-07-21,2026-07-21
2000-04-01,3,23.2538,2026-07-21,2026-07-21
2000-05-01,3,23.1711,2026-07-21,2026-07-21
2000-06-01,3,22.8823,2026-07-21,2026-07-21
2000-07-01,3,22.7246,2026-07-21,2026-07-21
2000-08-01,3,22.7101,2026-07-21,2026-07-21
2000-09-01,3,22.8044,2026-07-21,2026-07-21
2000-10-01,3,22.8484,2026-07-21,2026-07-21
2000-11-01,3,22.9001,2026-07-21,2026-07-21
2000-12-01,3,22.768,2026-07-21,2026-07-21
2001-01-01,3,22.5765,2026-07-21,2026-07-21
2001-02-01,3,22.5991,2026-07-21,2026-07-21
2001-03-01,3,22.6483,2026-07-21,2026-07-21
2001-04-01,3,22.6298,2026-07-21,2026-07-21
2001-05-01,3,22.3958,2026-07-21,2026-07-21
2001-06-01,3,22.2212,2026-07-21,2026-07-21
2001-07-01,3,22.2128,2026-07-21,2026-07-21
2001-08-01,3,22.1151,2026-07-21,2026-07-21
2001-09-01,3,22.24,2026-07-21,2026-07-21
2001-10-01,3,22.3758,2026-07-21,2026-07-21
2001-11-01,3,22.4773,2026-07-21,2026-07-21
2001-12-01,3,22.3635,2026-07-21,2026-07-21
2002-01-01,3,23.6295,2026-07-21,2026-07-21
2002-02-01,3,23.6197,2026-07-21,2026-07-21
2002-03-01,3,23.5621,2026-07-21,2026-07-21
2002-04-01,3,23.5071,2026-07-21,2026-07-21
2002-05-01,3,23.4021,2026-07-21,2026-07-21
2002-06-01,3,23.2242,2026-07-21,2026-07-21
2002-07-01,3,23.048,2026-07-21,2026-07-21
2002-08-01,3,23.0261,2026-07-21,2026-07-21
2002-09-01,3,23.1152,2026-07-21,2026-07-21
2002-10-01,3,23.1178,2026-07-21,2026-07-21
2002-11-01,3,23.0702,2026-07-21,2026-07-21
2002-12-01,3,22.9467,2026-07-21,2026-07-21
2003-01-01,3,22.7228,2026-07-21,2026-07-21
2003-02-01,3,22.6103,2026-07-21,2026-07-21
2003-03-01,3,22.5511,2026-07-21,2026-07-21
2003-04-01,3,22.5842,2026-07-21,2026-07-21
2003-05-01,3,22.4905,2026-07-21,2026-07-21
2003-06-01,3,22.3214,2026-07-21,2026-07-21
2003-07-01,3,22.1554,2026-07-21,2026-07-21
2003-08-01,3,22.0396,2026-07-21,2026-07-21
2003-09-01,3,22.0571,2026-07-21,2026-07-21
2003-10-01,3,22.0993,2026-07-21,2026-07-21
2003-11-01,3,22.0885,2026-07-21,2026-07-21
2003-12-01,3,21.967,2026-07-21,2026-07-21
2004-01-01,3,22.0683,2026-07-21,2026-07-21
2004-02-01,3,22.0726,2026-07-21,2026-07-21
2004-03-01,3,22.0902,2026-07-21,2026-07-21
2004-04-01,3,22.0521,2026-07-21,2026-07-21
2004-05-01,3,21.8837,2026-07-21,2026-07-21
2004-06-01,3,21.6833,2026-07-21,2026-07-21
2004-07-01,3,21.5267,2026-07-21,2026-07-21
2004-08-01,3,21.5054,2026-07-21,2026-07-21
2004-09-01,3,21.6695,2026-07-21,2026-07-21
2004-10-01,3,21.7137,2026-07-21,2026-07-21
2004-11-01,3,21.7226,2026-07-21,2026-07-21
2004-12-01,3,21.6746,2026-07-21,2026-07-21
2005-01-01,3,21.6179,2026-07-21,2026-07-21
2005-02-01,3,21.5856,2026-07-21,2026-07-21
2005-03-01,3,21.5408,2026-07-21,2026-07-21
2005-04-01,3,21.4112,2026-07-21,2026-07-21
2005-05-01,3,21.4142,2026-07-21,2026-07-21
2005-06-01,3,21.2452,2026-07-21,2026-07-21
2005-07-01,3,20.9801,2026-07-21,2026-07-21
2005-08-01,3,20.8919,2026-07-21,2026-07-21
2005-09-01,3,20.8163,2026-07-21,2026-07-21
2005-10-01,3,20.8844,2026-07-21,2026-07-21
2005-11-01,3,21.0246,2026-07-21,2026-07-21
2005-12-01,3,21.0082,2026-07-21,2026-07-21
2006-01-01,3,22.1242,2026-07-21,2026-07-21
2006-02-01,3,22.1378,2026-07-21,2026-07-21
2006-03-01,3,22.1944,2026-07-21,2026-07-21
2006-04-01,3,22.0465,2026-07-21,2026-07-21
2006-05-01,3,21.9097,2026-07-21,2026-07-21
2006-06-01,3,21.7447,2026-07-21,2026-07-21
2006-07-01,3,21.5049,2026-07-21,2026-07-21
2006-08-01,3,21.5078,2026-07-21,2026-07-21
2006-09-01,3,21.7689,2026-07-21,2026-07-21
2006-10-01,3,21.9352,2026-07-21,2026-07-21
2006-11-01,3,21.8722,2026-07-21,2026-07-21
2006-12-01,3,21.7355,2026-07-21,2026-07-21
2007-01-01,3,21.6243,2026-07-21,2026-07-21
2007-02-01,3,21.6134,2026-07-21,2026-07-21
2007-03-01,3,21.533,2026-07-21,2026-07-21
2007-04-01,3,21.3849,2026-07-21,2026-07-21
2007-05-01,3,21.1831,2026-07-21,2026-07-21
2007-06-01,3,21.0023,2026-07-21,2026-07-21
2007-07-01,3,20.8825,2026-07-21,2026-07-21
2007-08-01,3,20.9416,2026-07-21,2026-07-21
2007-09-01,3,21.0244,2026-07-21,2026-07-21
2007-10-01,3,21.0804,2026-07-21,2026-07-21
2007-11-01,3,20.9628,2026-07-21,2026-07-21
2007-12-01,3,20.8974,2026-07-21,2026-07-21
2008-01-01,3,21.4692,2026-07-21,2026-07-21
2008-02-01,3,21.4804,2026-07-21,2026-07-21
2008-03-01,3,21.4068,2026-07-21,2026-07-21
2008-04-01,3,21.2929,2026-07-21,2026-07-21
2008-05-01,3,21.0434,2026-07-21,2026-07-21
2008-06-01,3,20.7221,2026-07-21,2026-07-21
2008-07-01,3,20.5564,2026-07-21,2026-07-21
2008-08-01,3,20.6758,2026-07-21,2026-07-21
2008-09-01,3,20.8145,2026-07-21,2026-07-21
2008-10-01,3,21.0464,2026-07-21,2026-07-21
2008-11-01,3,21.3929,2026-07-21,2026-07-21
2008-12-01,3,21.4611,2026-07-21,2026-07-21
2009-01-01,3,21.3503,2026-07-21,2026-07-21
2009-02-01,3,21.4216,2026-07-21,2026-07-21
2009-03-01,3,21.5817,2026-07-21,2026-07-21
2009-04-01,3,21.6537,2026-07-21,2026-07-21
2009-05-01,3,21.5718,2026-07-21,2026-07-21
2009-06-01,3,21.3324,2026-07-21,2026-07-21
2009-07-01,3,21.287,2026-07-21,2026-07-21
2009-08-01,3,21.2164,2026-07-21,2026-07-21
2009-09-01,3,21.416,2026-07-21,2026-07-21
2009-10-01,3,21.5646,2026-07-21,2026-07-21
2009-11-01,3,21.5514,2026-07-21,2026-07-21
2009-12-01,3,21.5162,2026-07-21,2026-07-21
2010-01-01,3,21.1656,2026-07-21,2026-07-21
2010-02-01,3,21.2469,2026-07-21,2026-07-21
2010-03-01,3,21.2614,2026-07-21,2026-07-21
2010-04-01,3,21.1907,2026-07-21,2026-07-21
2010-05-01,3,21.133,2026-07-21,2026-07-21
2010-06-01,3,21.0784,2026-07-21,2026-07-21
2010-07-01,3,20.9987,2026-07-21,2026-07-21
2010-08-01,3,21.02,2026-07-21,2026-07-21
2010-09-01,3,21.1045,2026-07-21,2026-07-21
2010-10-01,3,21.102,2026-07-21,2026-07-21
2010-11-01,3,21.0296,2026-07-21,2026-07-21
2010-12-01,3,20.8818,2026-07-21,2026-07-21
2011-01-01,3,20.7851,2026-07-21,2026-07-21
2011-02-01,3,20.8088,2026-07-21,2026-07-21
2011-03-01,3,20.7397,2026-07-21,2026-07-21
2011-04-01,3,20.69,2026-07-21,2026-07-21
2011-05-01,3,20.6559,2026-07-21,2026-07-21
2011-06-01,3,20.69,2026-07-21,2026-07-21
2011-07-01,3,20.6355,2026-07-21,2026-07-21
2011-08-01,3,20.6739,2026-07-21,2026-07-21
2011-09-01,3,20.7238,2026-07-21,2026-07-21
2011-10-01,3,20.8139,2026-07-21,2026-07-21
2011-11-01,3,20.7951,2026-07-21,2026-07-21
2011-12-01,3,20.7212,2026-07-21,2026-07-21
2012-01-01,3,19.7688,2026-07-21,2026-07-21
2012-02-01,3,19.7726,2026-07-21,2026-07-21
2012-03-01,3,19.7596,2026-07-21,2026-07-21
2012-04-01,3,19.757,2026-07-21,2026-07-21
2012-05-01,3,19.7735,2026-07-21,2026-07-21
2012-06-01,3,19.763,2026-07-21,2026-07-21
2012-07-01,3,19.7165,2026-07-21,2026-07-21
2012-08-01,3,19.6069,2026-07-21,2026-07-21
2012-09-01,3,19.6003,2026-07-21,2026-07-21
2012-10-01,3,19.6472,2026-07-21,2026-07-21
2012-11-01,3,19.6675,2026-07-21,2026-07-21
2012-12-01,3,19.5735,2026-07-21,2026-07-21
2013-01-01,3,19.5303,2026-07-21,2026-07-21
2013-02-01,3,19.4511,2026-07-21,2026-07-21
2013-03-01,3,19.4827,2026-07-21,2026-07-21
2013-04-01,3,19.5392,2026-07-21,2026-07-21
2013-05-01,3,19.4742,2026-07-21,2026-07-21
2013-06-01,3,19.3781,2026-07-21,2026-07-21
2013-07-01,3,19.303,2026-07-21,2026-07-21
2013-08-01,3,19.3081,2026-07-21,2026-07-21
2013-09-01,3,19.3606,2026-07-21,2026-07-21
2013-10-01,3,19.4309,2026-07-21,2026-07-21
2013-11-01,3,19.3887,2026-07-21,2026-07-21
2013-12-01,3,19.2699,2026-07-21,2026-07-21
2014-01-01,3,19.6031,2026-07-21,2026-07-21
2014-02-01,3,19.5956,2026-07-21,2026-07-21
2014-03-01,3,19.5655,2026-07-21,2026-07-21
2014-04-01,3,19.5493,2026-07-21,2026-07-21
2014-05-01,3,19.4635,2026-07-21,2026-07-21
2014-06-01,3,19.3789,2026-07-21,2026-07-21
2014-07-01,3,19.3028,2026-07-21,2026-07-21
2014-08-01,3,19.344,2026-07-21,2026-07-21
2014-09-01,3,19.4282,2026-07-21,2026-07-21
2014-10-01,3,19.5134,2026-07-21,2026-07-21
2014-11-01,3,19.4727,2026-07-21,2026-07-21
2014-12-01,3,19.4082,2026-07-21,2026-07-21
2015-01-01,3,19.4646,2026-07-21,2026-07-21
2015-02-01,3,19.5003,2026-07-21,2026-07-21
2015-03-01,3,19.5347,2026-07-21,2026-07-21
2015-04-01,3,19.5502,2026-07-21,2026-07-21
2015-05-01,3,19.4129,2026-07-21,2026-07-21
2015-06-01,3,19.2701,2026-07-21,2026-07-21
2015-07-01,3,19.1738,2026-07-21,2026-07-21
2015-08-01,3,19.2124,2026-07-21,2026-07-21
2015-09-01,3,19.3337,2026-07-21,2026-07-21
2015-10-01,3,19.3428,2026-07-21,2026-07-21
2015-11-01,3,19.2674,2026-07-21,2026-07-21
2015-12-01,3,19.1871,2026-07-21,2026-07-21
2016-01-01,3,19.6082,2026-07-21,2026-07-21
2016-02-01,3,19.7452,2026-07-21,2026-07-21
2016-03-01,3,19.7293,2026-07-21,2026-07-21
2016-04-01,3,19.6628,2026-07-21,2026-07-21
2016-05-01,3,19.5389,2026-07-21,2026-07-21
2016-06-01,3,19.38,2026-07-21,2026-07-21
2016-07-01,3,19.3199,2026-07-21,2026-07-21
2016-08-01,3,19.3433,2026-07-21,2026-07-21
2016-09-01,3,19.353,2026-07-21,2026-07-21
2016-10-01,3,19.3474,2026-07-21,2026-07-21
2016-11-01,3,19.2301,2026-07-21,2026-07-21
2016-12-01,3,19.1008,2026-07-21,2026-07-21
2017-01-01,3,19.0824,2026-07-21,2026-07-21
2017-02-01,3,19.1248,2026-07-21,2026-07-21
2017-03-01,3,19.1602,2026-07-21,2026-07-21
2017-04-01,3,19.1216,2026-07-21,2026-07-21
2017-05-01,3,19.0338,2026-07-21,2026-07-21
2017-06-01,3,18.9455,2026-07-21,2026-07-21
2017-07-01,3,18.8717,2026-07-21,2026-07-21
2017-08-01,3,18.8127,2026-07-21,2026-07-21
2017-09-01,3,18.7414,2026-07-21,2026-07-21
2017-10-01,3,18.7747,2026-07-21,2026-07-21
2017-11-01,3,18.647,2026-07-21,2026-07-21
2017-12-01,3,18.5736,2026-07-21,2026-07-21
2018-01-01,3,19.8481,2026-07-21,2026-07-21
2018-02-01,3,19.8955,2026-07-21,2026-07-21
2018-03-01,3,19.9383,2026-07-21,2026-07-21
2018-04-01,3,19.8705,2026-07-21,2026-07-21
2018-05-01,3,19.7355,2026-07-21,2026-07-21
2018-06-01,3,19.6349,2026-07-21,2026-07-21
2018-07-01,3,19.5825,2026-07-21,2026-07-21
2018-08-01,3,19.536,2026-07-21,2026-07-21
2018-09-01,3,19.519,2026-07-21,2026-07-21
2018-10-01,3,19.5514,2026-07-21,2026-07-21
2018-11-01,3,19.5366,2026-07-21,2026-07-21
2018-12-01,3,19.5033,2026-07-21,2026-07-21
2019-01-01,3,19.6093,2026-07-21,2026-07-21
2019-02-01,3,19.624,2026-07-21,2026-07-21
2019-03-01,3,19.5659,2026-07-21,2026-07-21
2019-04-01,3,19.4437,2026-07-21,2026-07-21
2019-05-01,3,19.3495,2026-07-21,2026-07-21
2019-06-01,3,19.3462,2026-07-21,2026-07-21
2019-07-01,3,19.3123,2026-07-21,2026-07-21
2019-08-01,3,19.3611,2026-07-21,2026-07-21
2019-09-01,3,19.3178,2026-07-21,2026-07-21
2019-10-01,3,19.2712,2026-07-21,2026-07-21
2019-11-01,3,19.1675,2026-07-21,2026-07-21
2019-12-01,3,19.078,2026-07-21,2026-07-21
2020-01-01,3,20.1448,2026-07-21,2026-07-21
2020-02-01,3,20.2399,2026-07-21,2026-07-21
2020-03-01,3,20.3,2026-07-21,2026-07-21
2020-04-01,3,20.2806,2026-07-21,2026-07-21
2020-05-01,3,20.1885,2026-07-21,2026-07-21
2020-06-01,3,20.0708,2026-07-21,2026-07-21
2020-07-01,3,20.0799,2026-07-21,2026-07-21
2020-08-01,3,20.2529,2026-07-21,2026-07-21
2020-09-01,3,20.3228,2026-07-21,2026-07-21
2020-10-01,3,20.3373,2026-07-21,2026-07-21
2020-11-01,3,20.2787,2026-07-21,2026-07-21
2020-12-01,3,20.1995,2026-07-21,2026-07-21
2021-01-01,3,20.2052,2026-07-21,2026-07-21
2021-02-01,3,20.1722,2026-07-21,2026-07-21
2021-03-01,3,20.1161,2026-07-21,2026-07-21
2021-04-01,3,20.3257,2026-07-21,2026-07-21
2021-05-01,3,20.4736,2026-07-21,2026-07-21
2021-06-01,3,20.6939,2026-07-21,2026-07-21
2021-07-01,3,20.6729,2026-07-21,2026-07-21
2021-08-01,3,20.724,2026-07-21,2026-07-21
2021-09-01,3,20.6863,2026-07-21,2026-07-21
2021-10-01,3,20.7553,2026-07-21,2026-07-21
2021-11-01,3,20.768,2026-07-21,2026-07-21
2021-12-01,3,20.8892,2026-07-21,2026-07-21
2022-01-01,3,21.8044,2026-07-21,2026-07-21
2022-02-01,3,21.8149,2026-07-21,2026-07-21
2022-03-01,3,21.5131,2026-07-21,2026-07-21
2022-04-01,3,21.4029,2026-07-21,2026-07-21
2022-05-01,3,21.2493,2026-07-21,2026-07-21
2022-06-01,3,21.1217,2026-07-21,2026-07-21
2022-07-01,3,21.1677,2026-07-21,2026-07-21
2022-08-01,3,21.2884,2026-07-21,2026-07-21
2022-09-01,3,21.1752,2026-07-21,2026-07-21
2022-10-01,3,21.0261,2026-07-21,2026-07-21
2022-11-01,3,20.8819,2026-07-21,2026-07-21
2022-12-01,3,20.8211,2026-07-21,2026-07-21
2023-01-01,3,21.3252,2026-07-21,2026-07-21
2023-02-01,3,21.323,2026-07-21,2026-07-21
2023-03-01,3,21.3441,2026-07-21,2026-07-21
2023-04-01,3,21.3475,2026-07-21,2026-07-21
2023-05-01,3,21.3784,2026-07-21,2026-07-21
2023-06-01,3,21.3209,2026-07-21,2026-07-21
2023-07-01,3,21.2078,2026-07-21,2026-07-21
2023-08-01,3,21.1175,2026-07-21,2026-07-21
2023-09-01,3,20.9538,2026-07-21,2026-07-21
2023-10-01,3,20.914,2026-07-21,2026-07-21
2023-11-01,3,20.7812,2026-07-21,2026-07-21
2023-12-01,3,20.7042,2026-07-21,2026-07-21
2024-01-01,3,18.8202,2026-07-21,2026-07-21
2024-02-01,3,18.8049,2026-07-21,2026-07-21
2024-03-01,3,18.698,2026-07-21,2026-07-21
2024-04-01,3,18.6058,2026-07-21,2026-07-21
2024-05-01,3,18.5587,2026-07-21,2026-07-21
2024-06-01,3,18.5455,2026-07-21,2026-07-21
2024-07-01,3,18.4505,2026-07-21,2026-07-21
2024-08-01,3,18.444,2026-07-21,2026-07-21
2024-09-01,3,18.4838,2026-07-21,2026-07-21
2024-10-01,3,18.4128,2026-07-21,2026-07-21
2024-11-01,3,18.3467,2026-07-21,2026-07-21
2024-12-01,3,18.2627,2026-07-21,2026-07-21
2025-01-01,3,19.3715,2026-07-21,2026-07-21
2025-02-01,3,19.3929,2026-07-21,2026-07-21
2025-03-01,3,19.3668,2026-07-21,2026-07-21
2025-04-01,3,19.331,2026-07-21,2026-07-21
2025-05-01,3,19.3029,2026-07-21,2026-07-21
2025-06-01,3,19.3108,2026-07-21,2026-07-21
2025-07-01,3,19.2945,2026-07-21,2026-07-21
2025-08-01,3,19.3179,2026-07-21,2026-07-21
2025-09-01,3,19.3419,2026-07-21,2026-07-21
2025-11-01,3,19.2222,2026-07-21,2026-07-21
2025-12-01,3,19.1505,2026-07-21,2026-07-21
2026-01-01,3,19.1568,2026-07-21,2026-07-21
2026-02-01,3,19.1496,2026-07-21,2026-07-21
2026-03-01,3,19.0029,2026-07-21,2026-07-21
2026-04-01,3,18.8567,2026-07-21,2026-07-21
2026-05-01,3,18.7378,2026-07-21,2026-07-21
2026-06-01,3,18.8297,2026-07-21,2026-07-21
2000-01-01,4,100.0,2026-07-21,2026-07-21
2000-02-01,4,100.377766,2026-07-21,2026-07-21
2000-03-01,4,100.863465,2026-07-21,2026-07-21
2000-04-01,4,100.971398,2026-07-21,2026-07-21
2000-05-01,4,101.133297,2026-07-21,2026-07-21
2000-06-01,4,101.942795,2026-07-21,2026-07-21
2000-07-01,4,102.482461,2026-07-21,2026-07-21
2000-08-01,4,102.80626,2026-07-21,2026-07-21
2000-09-01,4,102.914193,2026-07-21,2026-07-21
2000-10-01,4,103.130059,2026-07-21,2026-07-21
2000-11-01,4,103.130059,2026-07-21,2026-07-21
2000-12-01,4,103.345926,2026-07-21,2026-07-21
2001-01-01,4,104.479223,2026-07-21,2026-07-21
2001-02-01,4,104.856989,2026-07-21,2026-07-21
2001-03-01,4,105.288721,2026-07-21,2026-07-21
2001-04-01,4,105.342688,2026-07-21,2026-07-21
2001-05-01,4,105.61252,2026-07-21,2026-07-21
2001-06-01,4,106.422018,2026-07-21,2026-07-21
2001-07-01,4,106.745818,2026-07-21,2026-07-21
2001-08-01,4,107.069617,2026-07-21,2026-07-21
2001-09-01,4,106.907717,2026-07-21,2026-07-21
2001-10-01,4,106.745818,2026-07-21,2026-07-21
2001-11-01,4,106.961684,2026-07-21,2026-07-21
2001-12-01,4,107.01565,2026-07-21,2026-07-21
2002-01-01,4,107.501349,2026-07-21,2026-07-21
2002-02-01,4,108.041015,2026-07-21,2026-07-21
2002-03-01,4,108.364814,2026-07-21,2026-07-21
2002-04-01,4,108.58068,2026-07-21,2026-07-21
2002-05-01,4,108.796546,2026-07-21,2026-07-21
2002-06-01,4,109.336212,2026-07-21,2026-07-21
2002-07-01,4,109.713977,2026-07-21,2026-07-21
2002-08-01,4,110.199676,2026-07-21,2026-07-21
2002-09-01,4,110.14571,2026-07-21,2026-07-21
2002-10-01,4,110.199676,2026-07-21,2026-07-21
2002-11-01,4,110.253643,2026-07-21,2026-07-21
2002-12-01,4,110.253643,2026-07-21,2026-07-21
2003-01-01,4,110.901241,2026-07-21,2026-07-21
2003-02-01,4,111.38694,2026-07-21,2026-07-21
2003-03-01,4,111.926606,2026-07-21,2026-07-21
2003-04-01,4,111.980572,2026-07-21,2026-07-21
2003-05-01,4,112.358338,2026-07-21,2026-07-21
2003-06-01,4,112.844037,2026-07-21,2026-07-21
2003-07-01,4,113.221802,2026-07-21,2026-07-21
2003-08-01,4,113.491635,2026-07-21,2026-07-21
2003-09-01,4,113.491635,2026-07-21,2026-07-21
2003-10-01,4,113.599568,2026-07-21,2026-07-21
2003-11-01,4,113.275769,2026-07-21,2026-07-21
2003-12-01,4,113.275769,2026-07-21,2026-07-21
2004-01-01,4,113.869401,2026-07-21,2026-07-21
2004-02-01,4,114.247167,2026-07-21,2026-07-21
2004-03-01,4,114.786832,2026-07-21,2026-07-21
2004-04-01,4,115.056665,2026-07-21,2026-07-21
2004-05-01,4,115.272531,2026-07-21,2026-07-21
2004-06-01,4,116.028063,2026-07-21,2026-07-21
2004-07-01,4,116.459795,2026-07-21,2026-07-21
2004-08-01,4,116.675661,2026-07-21,2026-07-21
2004-09-01,4,116.621695,2026-07-21,2026-07-21
2004-10-01,4,116.567728,2026-07-21,2026-07-21
2004-11-01,4,116.621695,2026-07-21,2026-07-21
2004-12-01,4,116.567728,2026-07-21,2026-07-21
2005-01-01,4,117.107393,2026-07-21,2026-07-21
2005-02-01,4,117.647059,2026-07-21,2026-07-21
2005-03-01,4,118.294657,2026-07-21,2026-07-21
2005-04-01,4,118.56449,2026-07-21,2026-07-21
2005-05-01,4,118.672423,2026-07-21,2026-07-21
2005-06-01,4,119.212089,2026-07-21,2026-07-21
2005-07-01,4,119.80572,2026-07-21,2026-07-21
2005-08-01,4,120.075553,2026-07-21,2026-07-21
2005-09-01,4,120.237453,2026-07-21,2026-07-21
2005-10-01,4,120.939018,2026-07-21,2026-07-21
2005-11-01,4,121.100917,2026-07-21,2026-07-21
2005-12-01,4,120.992984,2026-07-21,2026-07-21
2006-01-01,4,121.910416,2026-07-21,2026-07-21
2006-02-01,4,122.234215,2026-07-21,2026-07-21
2006-03-01,4,122.665947,2026-07-21,2026-07-21
2006-04-01,4,122.93578,2026-07-21,2026-07-21
2006-05-01,4,123.259579,2026-07-21,2026-07-21
2006-06-01,4,124.069077,2026-07-21,2026-07-21
2006-07-01,4,124.662709,2026-07-21,2026-07-21
2006-08-01,4,124.986508,2026-07-21,2026-07-21
2006-09-01,4,125.094441,2026-07-21,2026-07-21
2006-10-01,4,124.932542,2026-07-21,2026-07-21
2006-11-01,4,124.932542,2026-07-21,2026-07-21
2006-12-01,4,125.040475,2026-07-21,2026-07-21
2007-01-01,4,125.683756,2026-07-21,2026-07-21
2007-02-01,4,126.261738,2026-07-21,2026-07-21
2007-03-01,4,126.718295,2026-07-21,2026-07-21
2007-04-01,4,127.025364,2026-07-21,2026-07-21
2007-05-01,4,127.29088,2026-07-21,2026-07-21
2007-06-01,4,128.205613,2026-07-21,2026-07-21
2007-07-01,4,128.633028,2026-07-21,2026-07-21
2007-08-01,4,128.713977,2026-07-21,2026-07-21
2007-09-01,4,128.766325,2026-07-21,2026-07-21
2007-10-01,4,128.794927,2026-07-21,2026-07-21
2007-11-01,4,128.802482,2026-07-21,2026-07-21
2007-12-01,4,128.922828,2026-07-21,2026-07-21
2008-01-01,4,129.628171,2026-07-21,2026-07-21
2008-02-01,4,130.061522,2026-07-21,2026-07-21
2008-03-01,4,130.766325,2026-07-21,2026-07-21
2008-04-01,4,131.09606,2026-07-21,2026-07-21
2008-05-01,4,131.668645,2026-07-21,2026-07-21
2008-06-01,4,132.875877,2026-07-21,2026-07-21
2008-07-01,4,133.840799,2026-07-21,2026-07-21
2008-08-01,4,133.943875,2026-07-21,2026-07-21
2008-09-01,4,133.601187,2026-07-21,2026-07-21
2008-10-01,4,133.295737,2026-07-21,2026-07-21
2008-11-01,4,132.947113,2026-07-21,2026-07-21
2008-12-01,4,132.80626,2026-07-21,2026-07-21
2009-01-01,4,133.304371,2026-07-21,2026-07-21
2009-02-01,4,133.534269,2026-07-21,2026-07-21
2009-03-01,4,133.66163,2026-07-21,2026-07-21
2009-04-01,4,133.561792,2026-07-21,2026-07-21
2009-05-01,4,133.51646,2026-07-21,2026-07-21
2009-06-01,4,134.137615,2026-07-21,2026-07-21
2009-07-01,4,134.356719,2026-07-21,2026-07-21
2009-08-01,4,134.547221,2026-07-21,2026-07-21
2009-09-01,4,134.399892,2026-07-21,2026-07-21
2009-10-01,4,134.21047,2026-07-21,2026-07-21
2009-11-01,4,133.877496,2026-07-21,2026-07-21
2009-12-01,4,133.72531,2026-07-21,2026-07-21
2010-01-01,4,133.849433,2026-07-21,2026-07-21
2010-02-01,4,133.933081,2026-07-21,2026-07-21
2010-03-01,4,134.123583,2026-07-21,2026-07-21
2010-04-01,4,134.232596,2026-07-21,2026-07-21
2010-05-01,4,134.423637,2026-07-21,2026-07-21
2010-06-01,4,134.96708,2026-07-21,2026-07-21
2010-07-01,4,135.242849,2026-07-21,2026-07-21
2010-08-01,4,135.329736,2026-07-21,2026-07-21
2010-09-01,4,135.194819,2026-07-21,2026-07-21
2010-10-01,4,134.95197,2026-07-21,2026-07-21
2010-11-01,4,134.940097,2026-07-21,2026-07-21
2010-12-01,4,135.019428,2026-07-21,2026-07-21
2011-01-01,4,135.314085,2026-07-21,2026-07-21
2011-02-01,4,135.647059,2026-07-21,2026-07-21
2011-03-01,4,135.906098,2026-07-21,2026-07-21
2011-04-01,4,136.049649,2026-07-21,2026-07-21
2011-05-01,4,136.380464,2026-07-21,2026-07-21
2011-06-01,4,136.956827,2026-07-21,2026-07-21
2011-07-01,4,137.337831,2026-07-21,2026-07-21
2011-08-01,4,137.66055,2026-07-21,2026-07-21
2011-09-01,4,137.77388,2026-07-21,2026-07-21
2011-10-01,4,137.619536,2026-07-21,2026-07-21
2011-11-01,4,137.602806,2026-07-21,2026-07-21
2011-12-01,4,137.760928,2026-07-21,2026-07-21
2012-01-01,4,138.090124,2026-07-21,2026-07-21
2012-02-01,4,138.220723,2026-07-21,2026-07-21
2012-03-01,4,138.518618,2026-07-21,2026-07-21
2012-04-01,4,138.759309,2026-07-21,2026-07-21
2012-05-01,4,139.025904,2026-07-21,2026-07-21
2012-06-01,4,139.674582,2026-07-21,2026-07-21
2012-07-01,4,139.818672,2026-07-21,2026-07-21
2012-08-01,4,140.0966,2026-07-21,2026-07-21
2012-09-01,4,140.309228,2026-07-21,2026-07-21
2012-10-01,4,140.325418,2026-07-21,2026-07-21
2012-11-01,4,140.437669,2026-07-21,2026-07-21
2012-12-01,4,140.626012,2026-07-21,2026-07-21
2013-01-01,4,141.089045,2026-07-21,2026-07-21
2013-02-01,4,141.480842,2026-07-21,2026-07-21
2013-03-01,4,141.717215,2026-07-21,2026-07-21
2013-04-01,4,141.888289,2026-07-21,2026-07-21
2013-05-01,4,142.40259,2026-07-21,2026-07-21
2013-06-01,4,142.98435,2026-07-21,2026-07-21
2013-07-01,4,143.275229,2026-07-21,2026-07-21
2013-08-01,4,143.436589,2026-07-21,2026-07-21
2013-09-01,4,143.654614,2026-07-21,2026-07-21
2013-10-01,4,143.601727,2026-07-21,2026-07-21
2013-11-01,4,143.776039,2026-07-21,2026-07-21
2013-12-01,4,143.890448,2026-07-21,2026-07-21
2014-01-01,4,144.493254,2026-07-21,2026-07-21
2014-02-01,4,144.873718,2026-07-21,2026-07-21
2014-03-01,4,145.542364,2026-07-21,2026-07-21
2014-04-01,4,145.667566,2026-07-21,2026-07-21
2014-05-01,4,146.380464,2026-07-21,2026-07-21
2014-06-01,4,146.984889,2026-07-21,2026-07-21
2014-07-01,4,147.211009,2026-07-21,2026-07-21
2014-08-01,4,147.229358,2026-07-21,2026-07-21
2014-09-01,4,147.329736,2026-07-21,2026-07-21
2014-10-01,4,147.331894,2026-07-21,2026-07-21
2014-11-01,4,147.379385,2026-07-21,2026-07-21
2014-12-01,4,147.512682,2026-07-21,2026-07-21
2015-01-01,4,148.054506,2026-07-21,2026-07-21
2015-02-01,4,148.37075,2026-07-21,2026-07-21
2015-03-01,4,148.617377,2026-07-21,2026-07-21
2015-04-01,4,148.921209,2026-07-21,2026-07-21
2015-05-01,4,149.301133,2026-07-21,2026-07-21
2015-06-01,4,150.133837,2026-07-21,2026-07-21
2015-07-01,4,150.384781,2026-07-21,2026-07-21
2015-08-01,4,150.542903,2026-07-21,2026-07-21
2015-09-01,4,150.778737,2026-07-21,2026-07-21
2015-10-01,4,150.841338,2026-07-21,2026-07-21
2015-11-01,4,151.033459,2026-07-21,2026-07-21
2015-12-01,4,151.11333,2026-07-21,2026-07-21
2016-01-01,4,151.62979,2026-07-21,2026-07-21
2016-02-01,4,152.038316,2026-07-21,2026-07-21
2016-03-01,4,152.421479,2026-07-21,2026-07-21
2016-04-01,4,152.815434,2026-07-21,2026-07-21
2016-05-01,4,153.461954,2026-07-21,2026-07-21
2016-06-01,4,154.259039,2026-07-21,2026-07-21
2016-07-01,4,154.498651,2026-07-21,2026-07-21
2016-08-01,4,154.748516,2026-07-21,2026-07-21
2016-09-01,4,154.998381,2026-07-21,2026-07-21
2016-10-01,4,155.077712,2026-07-21,2026-07-21
2016-11-01,4,155.328656,2026-07-21,2026-07-21
2016-12-01,4,155.590394,2026-07-21,2026-07-21
2017-01-01,4,156.219104,2026-07-21,2026-07-21
2017-02-01,4,156.796006,2026-07-21,2026-07-21
2017-03-01,4,156.731247,2026-07-21,2026-07-21
2017-04-01,4,157.052348,2026-07-21,2026-07-21
2017-05-01,4,157.601187,2026-07-21,2026-07-21
2017-06-01,4,158.269833,2026-07-21,2026-07-21
2017-07-01,4,158.422018,2026-07-21,2026-07-21
2017-08-01,4,158.826228,2026-07-21,2026-07-21
2017-09-01,4,159.085267,2026-07-21,2026-07-21
2017-10-01,4,159.301673,2026-07-21,2026-07-21
2017-11-01,4,159.471668,2026-07-21,2026-07-21
2017-12-01,4,159.800324,2026-07-21,2026-07-21
2018-01-01,4,160.321641,2026-07-21,2026-07-21
2018-02-01,4,160.985429,2026-07-21,2026-07-21
2018-03-01,4,161.348084,2026-07-21,2026-07-21
2018-04-01,4,161.599029,2026-07-21,2026-07-21
2018-05-01,4,162.263357,2026-07-21,2026-07-21
2018-06-01,4,162.825688,2026-07-21,2026-07-21
2018-07-01,4,163.102536,2026-07-21,2026-07-21
2018-08-01,4,163.41878,2026-07-21,2026-07-21
2018-09-01,4,163.588775,2026-07-21,2026-07-21
2018-10-01,4,163.771722,2026-07-21,2026-07-21
2018-11-01,4,163.893686,2026-07-21,2026-07-21
2018-12-01,4,164.272531,2026-07-21,2026-07-21
2019-01-01,4,164.668645,2026-07-21,2026-07-21
2019-02-01,4,165.127361,2026-07-21,2026-07-21
2019-03-01,4,165.573125,2026-07-21,2026-07-21
2019-04-01,4,165.988127,2026-07-21,2026-07-21
2019-05-01,4,166.327037,2026-07-21,2026-07-21
2019-06-01,4,166.997302,2026-07-21,2026-07-21
2019-07-01,4,167.271991,2026-07-21,2026-07-21
2019-08-01,4,167.492715,2026-07-21,2026-07-21
2019-09-01,4,167.763627,2026-07-21,2026-07-21
2019-10-01,4,167.960604,2026-07-21,2026-07-21
2019-11-01,4,168.206692,2026-07-21,2026-07-21
2019-12-01,4,168.32326,2026-07-21,2026-07-21
2020-01-01,4,168.978953,2026-07-21,2026-07-21
2020-02-01,4,169.531031,2026-07-21,2026-07-21
2020-03-01,4,169.37129,2026-07-21,2026-07-21
2020-04-01,4,168.618996,2026-07-21,2026-07-21
2020-05-01,4,168.56449,2026-07-21,2026-07-21
2020-06-01,4,169.181867,2026-07-21,2026-07-21
2020-07-01,4,170.024285,2026-07-21,2026-07-21
2020-08-01,4,170.205073,2026-07-21,2026-07-21
2020-09-01,4,170.269833,2026-07-21,2026-07-21
2020-10-01,4,170.416622,2026-07-21,2026-07-21
2020-11-01,4,170.816514,2026-07-21,2026-07-21
2020-12-01,4,170.861306,2026-07-21,2026-07-21
2021-01-01,4,170.922828,2026-07-21,2026-07-21
2021-02-01,4,171.476525,2026-07-21,2026-07-21
2021-03-01,4,172.126821,2026-07-21,2026-07-21
2021-04-01,4,173.14463,2026-07-21,2026-07-21
2021-05-01,4,174.066379,2026-07-21,2026-07-21
2021-06-01,4,175.144091,2026-07-21,2026-07-21
2021-07-01,4,175.765785,2026-07-21,2026-07-21
2021-08-01,4,175.825688,2026-07-21,2026-07-21
2021-09-01,4,176.236913,2026-07-21,2026-07-21
2021-10-01,4,177.073934,2026-07-21,2026-07-21
2021-11-01,4,177.645979,2026-07-21,2026-07-21
2021-12-01,4,178.045332,2026-07-21,2026-07-21
2022-01-01,4,179.169455,2026-07-21,2026-07-21
2022-02-01,4,180.245008,2026-07-21,2026-07-21
2022-03-01,4,181.439827,2026-07-21,2026-07-21
2022-04-01,4,182.883972,2026-07-21,2026-07-21
2022-05-01,4,184.444684,2026-07-21,2026-07-21
2022-06-01,4,186.357798,2026-07-21,2026-07-21
2022-07-01,4,187.008635,2026-07-21,2026-07-21
2022-08-01,4,188.06476,2026-07-21,2026-07-21
2022-09-01,4,189.410685,2026-07-21,2026-07-21
2022-10-01,4,190.295197,2026-07-21,2026-07-21
2022-11-01,4,191.127901,2026-07-21,2026-07-21
2022-12-01,4,192.211549,2026-07-21,2026-07-21
2023-01-01,4,193.897464,2026-07-21,2026-07-21
2023-02-01,4,195.196438,2026-07-21,2026-07-21
2023-03-01,4,196.041015,2026-07-21,2026-07-21
2023-04-01,4,196.814895,2026-07-21,2026-07-21
2023-05-01,4,197.555316,2026-07-21,2026-07-21
2023-06-01,4,198.567728,2026-07-21,2026-07-21
2023-07-01,4,199.358338,2026-07-21,2026-07-21
2023-08-01,4,199.990826,2026-07-21,2026-07-21
2023-09-01,4,201.038316,2026-07-21,2026-07-21
2023-10-01,4,201.571506,2026-07-21,2026-07-21
2023-11-01,4,202.412844,2026-07-21,2026-07-21
2023-12-01,4,202.992445,2026-07-21,2026-07-21
2024-01-01,4,204.486778,2026-07-21,2026-07-21
2024-02-01,4,205.761468,2026-07-21,2026-07-21
2024-03-01,4,207.089045,2026-07-21,2026-07-21
2024-04-01,4,207.75769,2026-07-21,2026-07-21
2024-05-01,4,208.37075,2026-07-21,2026-07-21
2024-06-01,4,208.928225,2026-07-21,2026-07-21
2024-07-01,4,209.452779,2026-07-21,2026-07-21
2024-08-01,4,210.025904,2026-07-21,2026-07-21
2024-09-01,4,210.678359,2026-07-21,2026-07-21
2024-10-01,4,211.309228,2026-07-21,2026-07-21
2024-11-01,4,211.646519,2026-07-21,2026-07-21
2024-12-01,4,212.052348,2026-07-21,2026-07-21
2025-01-01,4,213.466811,2026-07-21,2026-07-21
2025-02-01,4,214.388019,2026-07-21,2026-07-21
2025-03-01,4,214.92013,2026-07-21,2026-07-21
2025-04-01,4,215.615758,2026-07-21,2026-07-21
2025-05-01,4,216.277388,2026-07-21,2026-07-21
2025-06-01,4,216.995143,2026-07-21,2026-07-21
2025-07-01,4,217.32272,2026-07-21,2026-07-21
2025-08-01,4,217.879115,2026-07-21,2026-07-21
2025-09-01,4,218.215866,2026-07-21,2026-07-21
2025-11-01,4,218.475985,2026-07-21,2026-07-21
2025-12-01,4,218.882353,2026-07-21,2026-07-21
2026-01-01,4,220.023206,2026-07-21,2026-07-21
2026-02-01,4,220.752294,2026-07-21,2026-07-21
2026-03-01,4,221.546681,2026-07-21,2026-07-21
2026-04-01,4,222.933081,2026-07-21,2026-07-21
2026-05-01,4,223.869941,2026-07-21,2026-07-21
2026-06-01,4,224.009174,2026-07-21,2026-07-21
2000-01-01,5,100.0,2026-07-21,2026-07-21
2000-02-01,5,100.215401,2026-07-21,2026-07-21
2000-03-01,5,100.538503,2026-07-21,2026-07-21
2000-04-01,5,100.807754,2026-07-21,2026-07-21
2000-05-01,5,101.077006,2026-07-21,2026-07-21
2000-06-01,5,101.507808,2026-07-21,2026-07-21
2000-07-01,5,101.88476,2026-07-21,2026-07-21
2000-08-01,5,102.207862,2026-07-21,2026-07-21
2000-09-01,5,102.530964,2026-07-21,2026-07-21
2000-10-01,5,102.961766,2026-07-21,2026-07-21
2000-11-01,5,103.123317,2026-07-21,2026-07-21
2000-12-01,5,103.60797,2026-07-21,2026-07-21
2001-01-01,5,104.469575,2026-07-21,2026-07-21
2001-02-01,5,104.684976,2026-07-21,2026-07-21
2001-03-01,5,104.954227,2026-07-21,2026-07-21
2001-04-01,5,105.169628,2026-07-21,2026-07-21
2001-05-01,5,105.49273,2026-07-21,2026-07-21
2001-06-01,5,105.923533,2026-07-21,2026-07-21
2001-07-01,5,106.138934,2026-07-21,2026-07-21
2001-08-01,5,106.408185,2026-07-21,2026-07-21
2001-09-01,5,106.515886,2026-07-21,2026-07-21
2001-10-01,5,106.569736,2026-07-21,2026-07-21
2001-11-01,5,107.000539,2026-07-21,2026-07-21
2001-12-01,5,107.32364,2026-07-21,2026-07-21
2002-01-01,5,107.539041,2026-07-21,2026-07-21
2002-02-01,5,107.862143,2026-07-21,2026-07-21
2002-03-01,5,108.023694,2026-07-21,2026-07-21
2002-04-01,5,108.346796,2026-07-21,2026-07-21
2002-05-01,5,108.669898,2026-07-21,2026-07-21
2002-06-01,5,108.831449,2026-07-21,2026-07-21
2002-07-01,5,109.04685,2026-07-21,2026-07-21
2002-08-01,5,109.531502,2026-07-21,2026-07-21
2002-09-01,5,109.746904,2026-07-21,2026-07-21
2002-10-01,5,110.016155,2026-07-21,2026-07-21
2002-11-01,5,110.339257,2026-07-21,2026-07-21
2002-12-01,5,110.608508,2026-07-21,2026-07-21
2003-01-01,5,110.93161,2026-07-21,2026-07-21
2003-02-01,5,111.200862,2026-07-21,2026-07-21
2003-03-01,5,111.577814,2026-07-21,2026-07-21
2003-04-01,5,111.739365,2026-07-21,2026-07-21
2003-05-01,5,112.170167,2026-07-21,2026-07-21
2003-06-01,5,112.277868,2026-07-21,2026-07-21
2003-07-01,5,112.547119,2026-07-21,2026-07-21
2003-08-01,5,112.81637,2026-07-21,2026-07-21
2003-09-01,5,113.085622,2026-07-21,2026-07-21
2003-10-01,5,113.462574,2026-07-21,2026-07-21
2003-11-01,5,113.354873,2026-07-21,2026-07-21
2003-12-01,5,113.624125,2026-07-21,2026-07-21
2004-01-01,5,113.947227,2026-07-21,2026-07-21
2004-02-01,5,114.108778,2026-07-21,2026-07-21
2004-03-01,5,114.431879,2026-07-21,2026-07-21
2004-04-01,5,114.808831,2026-07-21,2026-07-21
2004-05-01,5,115.078083,2026-07-21,2026-07-21
2004-06-01,5,115.455035,2026-07-21,2026-07-21
2004-07-01,5,115.724286,2026-07-21,2026-07-21
2004-08-01,5,115.939688,2026-07-21,2026-07-21
2004-09-01,5,116.155089,2026-07-21,2026-07-21
2004-10-01,5,116.37049,2026-07-21,2026-07-21
2004-11-01,5,116.693592,2026-07-21,2026-07-21
2004-12-01,5,116.962843,2026-07-21,2026-07-21
2005-01-01,5,117.178244,2026-07-21,2026-07-21
2005-02-01,5,117.555197,2026-07-21,2026-07-21
2005-03-01,5,117.985999,2026-07-21,2026-07-21
2005-04-01,5,118.362951,2026-07-21,2026-07-21
2005-05-01,5,118.470652,2026-07-21,2026-07-21
2005-06-01,5,118.632202,2026-07-21,2026-07-21
2005-07-01,5,119.009155,2026-07-21,2026-07-21
2005-08-01,5,119.332256,2026-07-21,2026-07-21
2005-09-01,5,119.709208,2026-07-21,2026-07-21
2005-10-01,5,120.732364,2026-07-21,2026-07-21
2005-11-01,5,121.163166,2026-07-21,2026-07-21
2005-12-01,5,121.378568,2026-07-21,2026-07-21
2006-01-01,5,121.970921,2026-07-21,2026-07-21
2006-02-01,5,122.186322,2026-07-21,2026-07-21
2006-03-01,5,122.401723,2026-07-21,2026-07-21
2006-04-01,5,122.778675,2026-07-21,2026-07-21
2006-05-01,5,123.101777,2026-07-21,2026-07-21
2006-06-01,5,123.424879,2026-07-21,2026-07-21
2006-07-01,5,123.801831,2026-07-21,2026-07-21
2006-08-01,5,124.232633,2026-07-21,2026-07-21
2006-09-01,5,124.555735,2026-07-21,2026-07-21
2006-10-01,5,124.663436,2026-07-21,2026-07-21
2006-11-01,5,124.986537,2026-07-21,2026-07-21
2006-12-01,5,125.41734,2026-07-21,2026-07-21
2007-01-01,5,125.714055,2026-07-21,2026-07-21
2007-02-01,5,126.185784,2026-07-21,2026-07-21
2007-03-01,5,126.485191,2026-07-21,2026-07-21
2007-04-01,5,126.859451,2026-07-21,2026-07-21
2007-05-01,5,127.158858,2026-07-21,2026-07-21
2007-06-01,5,127.53581,2026-07-21,2026-07-21
2007-07-01,5,127.764674,2026-07-21,2026-07-21
2007-08-01,5,127.896607,2026-07-21,2026-07-21
2007-09-01,5,128.185784,2026-07-21,2026-07-21
2007-10-01,5,128.566505,2026-07-21,2026-07-21
2007-11-01,5,128.879914,2026-07-21,2026-07-21
2007-12-01,5,129.246634,2026-07-21,2026-07-21
2008-01-01,5,129.683899,2026-07-21,2026-07-21
2008-02-01,5,130.009155,2026-07-21,2026-07-21
2008-03-01,5,130.569198,2026-07-21,2026-07-21
2008-04-01,5,130.96392,2026-07-21,2026-07-21
2008-05-01,5,131.51804,2026-07-21,2026-07-21
2008-06-01,5,132.160474,2026-07-21,2026-07-21
2008-07-01,5,132.937534,2026-07-21,2026-07-21
2008-08-01,5,133.078083,2026-07-21,2026-07-21
2008-09-01,5,132.985999,2026-07-21,2026-07-21
2008-10-01,5,133.053312,2026-07-21,2026-07-21
2008-11-01,5,133.019925,2026-07-21,2026-07-21
2008-12-01,5,133.075929,2026-07-21,2026-07-21
2009-01-01,5,133.383414,2026-07-21,2026-07-21
2009-02-01,5,133.497038,2026-07-21,2026-07-21
2009-03-01,5,133.477114,2026-07-21,2026-07-21
2009-04-01,5,133.439957,2026-07-21,2026-07-21
2009-05-01,5,133.359181,2026-07-21,2026-07-21
2009-06-01,5,133.424879,2026-07-21,2026-07-21
2009-07-01,5,133.46419,2026-07-21,2026-07-21
2009-08-01,5,133.649973,2026-07-21,2026-07-21
2009-09-01,5,133.772752,2026-07-21,2026-07-21
2009-10-01,5,133.963382,2026-07-21,2026-07-21
2009-11-01,5,133.951535,2026-07-21,2026-07-21
2009-12-01,5,133.946688,2026-07-21,2026-07-21
2010-01-01,5,133.905762,2026-07-21,2026-07-21
2010-02-01,5,133.903608,2026-07-21,2026-07-21
2010-03-01,5,133.973075,2026-07-21,2026-07-21
2010-04-01,5,134.119548,2026-07-21,2026-07-21
2010-05-01,5,134.246634,2026-07-21,2026-07-21
2010-06-01,5,134.276252,2026-07-21,2026-07-21
2010-07-01,5,134.414109,2026-07-21,2026-07-21
2010-08-01,5,134.501346,2026-07-21,2026-07-21
2010-09-01,5,134.584814,2026-07-21,2026-07-21
2010-10-01,5,134.699515,2026-07-21,2026-07-21
2010-11-01,5,134.964459,2026-07-21,2026-07-21
2010-12-01,5,135.178244,2026-07-21,2026-07-21
2011-01-01,5,135.311255,2026-07-21,2026-07-21
2011-02-01,5,135.577814,2026-07-21,2026-07-21
2011-03-01,5,135.742057,2026-07-21,2026-07-21
2011-04-01,5,135.914917,2026-07-21,2026-07-21
2011-05-01,5,136.13301,2026-07-21,2026-07-21
2011-06-01,5,136.320948,2026-07-21,2026-07-21
2011-07-01,5,136.588584,2026-07-21,2026-07-21
2011-08-01,5,136.912224,2026-07-21,2026-07-21
2011-09-01,5,137.180937,2026-07-21,2026-07-21
2011-10-01,5,137.394723,2026-07-21,2026-07-21
2011-11-01,5,137.587507,2026-07-21,2026-07-21
2011-12-01,5,137.861066,2026-07-21,2026-07-21
2012-01-01,5,138.032849,2026-07-21,2026-07-21
2012-02-01,5,138.147011,2026-07-21,2026-07-21
2012-03-01,5,138.340872,2026-07-21,2026-07-21
2012-04-01,5,138.5972,2026-07-21,2026-07-21
2012-05-01,5,138.725902,2026-07-21,2026-07-21
2012-06-01,5,138.983845,2026-07-21,2026-07-21
2012-07-01,5,139.084545,2026-07-21,2026-07-21
2012-08-01,5,139.437264,2026-07-21,2026-07-21
2012-09-01,5,139.760905,2026-07-21,2026-07-21
2012-10-01,5,140.107162,2026-07-21,2026-07-21
2012-11-01,5,140.413032,2026-07-21,2026-07-21
2012-12-01,5,140.726979,2026-07-21,2026-07-21
2013-01-01,5,140.992461,2026-07-21,2026-07-21
2013-02-01,5,141.304793,2026-07-21,2026-07-21
2013-03-01,5,141.523963,2026-07-21,2026-07-21
2013-04-01,5,141.721594,2026-07-21,2026-07-21
2013-05-01,5,142.079698,2026-07-21,2026-07-21
2013-06-01,5,142.252019,2026-07-21,2026-07-21
2013-07-01,5,142.556812,2026-07-21,2026-07-21
2013-08-01,5,142.842219,2026-07-21,2026-07-21
2013-09-01,5,143.138934,2026-07-21,2026-07-21
2013-10-01,5,143.389876,2026-07-21,2026-07-21
2013-11-01,5,143.736672,2026-07-21,2026-07-21
2013-12-01,5,143.990845,2026-07-21,2026-07-21
2014-01-01,5,144.386107,2026-07-21,2026-07-21
2014-02-01,5,144.661282,2026-07-21,2026-07-21
2014-03-01,5,145.336026,2026-07-21,2026-07-21
2014-04-01,5,145.482499,2026-07-21,2026-07-21
2014-05-01,5,145.988153,2026-07-21,2026-07-21
2014-06-01,5,146.213786,2026-07-21,2026-07-21
2014-07-01,5,146.500269,2026-07-21,2026-07-21
2014-08-01,5,146.644588,2026-07-21,2026-07-21
2014-09-01,5,146.844911,2026-07-21,2026-07-21
2014-10-01,5,147.130318,2026-07-21,2026-07-21
2014-11-01,5,147.341949,2026-07-21,2026-07-21
2014-12-01,5,147.631664,2026-07-21,2026-07-21
2015-01-01,5,147.939149,2026-07-21,2026-07-21
2015-02-01,5,148.163705,2026-07-21,2026-07-21
2015-03-01,5,148.387722,2026-07-21,2026-07-21
2015-04-01,5,148.720517,2026-07-21,2026-07-21
2015-05-01,5,148.851912,2026-07-21,2026-07-21
2015-06-01,5,149.341411,2026-07-21,2026-07-21
2015-07-01,5,149.66559,2026-07-21,2026-07-21
2015-08-01,5,149.971998,2026-07-21,2026-07-21
2015-09-01,5,150.322563,2026-07-21,2026-07-21
2015-10-01,5,150.642973,2026-07-21,2026-07-21
2015-11-01,5,150.99623,2026-07-21,2026-07-21
2015-12-01,5,151.217017,2026-07-21,2026-07-21
2016-01-01,5,151.497038,2026-07-21,2026-07-21
2016-02-01,5,151.791599,2026-07-21,2026-07-21
2016-03-01,5,152.17986,2026-07-21,2026-07-21
2016-04-01,5,152.615509,2026-07-21,2026-07-21
2016-05-01,5,153.010232,2026-07-21,2026-07-21
2016-06-01,5,153.460959,2026-07-21,2026-07-21
2016-07-01,5,153.819602,2026-07-21,2026-07-21
2016-08-01,5,154.18363,2026-07-21,2026-07-21
2016-09-01,5,154.556812,2026-07-21,2026-07-21
2016-10-01,5,154.870759,2026-07-21,2026-07-21
2016-11-01,5,155.27356,2026-07-21,2026-07-21
2016-12-01,5,155.635972,2026-07-21,2026-07-21
2017-01-01,5,156.044696,2026-07-21,2026-07-21
2017-02-01,5,156.511578,2026-07-21,2026-07-21
2017-03-01,5,156.476575,2026-07-21,2026-07-21
2017-04-01,5,156.851373,2026-07-21,2026-07-21
2017-05-01,5,157.178783,2026-07-21,2026-07-21
2017-06-01,5,157.522886,2026-07-21,2026-07-21
2017-07-01,5,157.8056,2026-07-21,2026-07-21
2017-08-01,5,158.259558,2026-07-21,2026-07-21
2017-09-01,5,158.636511,2026-07-21,2026-07-21
2017-10-01,5,159.047927,2026-07-21,2026-07-21
2017-11-01,5,159.378568,2026-07-21,2026-07-21
2017-12-01,5,159.771136,2026-07-21,2026-07-21
2018-01-01,5,160.183091,2026-07-21,2026-07-21
2018-02-01,5,160.753904,2026-07-21,2026-07-21
2018-03-01,5,161.133549,2026-07-21,2026-07-21
2018-04-01,5,161.401185,2026-07-21,2026-07-21
2018-05-01,5,161.857835,2026-07-21,2026-07-21
2018-06-01,5,162.077006,2026-07-21,2026-07-21
2018-07-01,5,162.38503,2026-07-21,2026-07-21
2018-08-01,5,162.820679,2026-07-21,2026-07-21
2018-09-01,5,163.105008,2026-07-21,2026-07-21
2018-10-01,5,163.457189,2026-07-21,2026-07-21
2018-11-01,5,163.724825,2026-07-21,2026-07-21
2018-12-01,5,164.275714,2026-07-21,2026-07-21
2019-01-01,5,164.477652,2026-07-21,2026-07-21
2019-02-01,5,164.800215,2026-07-21,2026-07-21
2019-03-01,5,165.285945,2026-07-21,2026-07-21
2019-04-01,5,165.74475,2026-07-21,2026-07-21
2019-05-01,5,165.929995,2026-07-21,2026-07-21
2019-06-01,5,166.336564,2026-07-21,2026-07-21
2019-07-01,5,166.602046,2026-07-21,2026-07-21
2019-08-01,5,166.914917,2026-07-21,2026-07-21
2019-09-01,5,167.310716,2026-07-21,2026-07-21
2019-10-01,5,167.644588,2026-07-21,2026-07-21
2019-11-01,5,168.014001,2026-07-21,2026-07-21
2019-12-01,5,168.29133,2026-07-21,2026-07-21
2020-01-01,5,168.824987,2026-07-21,2026-07-21
2020-02-01,5,169.181475,2026-07-21,2026-07-21
2020-03-01,5,169.045773,2026-07-21,2026-07-21
2020-04-01,5,168.298869,2026-07-21,2026-07-21
2020-05-01,5,168.13678,2026-07-21,2026-07-21
2020-06-01,5,168.519655,2026-07-21,2026-07-21
2020-07-01,5,169.362951,2026-07-21,2026-07-21
2020-08-01,5,169.661282,2026-07-21,2026-07-21
2020-09-01,5,169.825525,2026-07-21,2026-07-21
2020-10-01,5,170.102854,2026-07-21,2026-07-21
2020-11-01,5,170.637588,2026-07-21,2026-07-21
2020-12-01,5,170.904685,2026-07-21,2026-07-21
2021-01-01,5,170.767905,2026-07-21,2026-07-21
2021-02-01,5,171.153473,2026-07-21,2026-07-21
2021-03-01,5,171.792676,2026-07-21,2026-07-21
2021-04-01,5,172.782983,2026-07-21,2026-07-21
2021-05-01,5,173.599354,2026-07-21,2026-07-21
2021-06-01,5,174.458805,2026-07-21,2026-07-21
2021-07-01,5,175.030695,2026-07-21,2026-07-21
2021-08-01,5,175.287022,2026-07-21,2026-07-21
2021-09-01,5,175.779214,2026-07-21,2026-07-21
2021-10-01,5,176.772213,2026-07-21,2026-07-21
2021-11-01,5,177.497038,2026-07-21,2026-07-21
2021-12-01,5,178.148627,2026-07-21,2026-07-21
2022-01-01,5,179.000539,2026-07-21,2026-07-21
2022-02-01,5,179.879375,2026-07-21,2026-07-21
2022-03-01,5,181.064082,2026-07-21,2026-07-21
2022-04-01,5,182.42434,2026-07-21,2026-07-21
2022-05-01,5,183.88476,2026-07-21,2026-07-21
2022-06-01,5,185.591276,2026-07-21,2026-07-21
2022-07-01,5,186.253635,2026-07-21,2026-07-21
2022-08-01,5,187.535272,2026-07-21,2026-07-21
2022-09-01,5,188.942919,2026-07-21,2026-07-21
2022-10-01,5,190.01077,2026-07-21,2026-07-21
2022-11-01,5,191.035541,2026-07-21,2026-07-21
2022-12-01,5,192.394184,2026-07-21,2026-07-21
2023-01-01,5,193.685514,2026-07-21,2026-07-21
2023-02-01,5,194.743134,2026-07-21,2026-07-21
2023-03-01,5,195.583199,2026-07-21,2026-07-21
2023-04-01,5,196.254173,2026-07-21,2026-07-21
2023-05-01,5,196.893915,2026-07-21,2026-07-21
2023-06-01,5,197.732903,2026-07-21,2026-07-21
2023-07-01,5,198.616047,2026-07-21,2026-07-21
2023-08-01,5,199.466344,2026-07-21,2026-07-21
2023-09-01,5,200.561659,2026-07-21,2026-07-21
2023-10-01,5,201.313409,2026-07-21,2026-07-21
2023-11-01,5,202.3958,2026-07-21,2026-07-21
2023-12-01,5,203.224556,2026-07-21,2026-07-21
2024-01-01,5,204.216478,2026-07-21,2026-07-21
2024-02-01,5,205.213247,2026-07-21,2026-07-21
2024-03-01,5,206.542811,2026-07-21,2026-07-21
2024-04-01,5,207.110932,2026-07-21,2026-07-21
2024-05-01,5,207.649435,2026-07-21,2026-07-21
2024-06-01,5,208.045773,2026-07-21,2026-07-21
2024-07-01,5,208.738826,2026-07-21,2026-07-21
2024-08-01,5,209.506731,2026-07-21,2026-07-21
2024-09-01,5,210.198708,2026-07-21,2026-07-21
2024-10-01,5,211.078083,2026-07-21,2026-07-21
2024-11-01,5,211.681745,2026-07-21,2026-07-21
2024-12-01,5,212.316101,2026-07-21,2026-07-21
2025-01-01,5,213.140011,2026-07-21,2026-07-21
2025-02-01,5,213.753366,2026-07-21,2026-07-21
2025-03-01,5,214.290253,2026-07-21,2026-07-21
2025-04-01,5,214.916532,2026-07-21,2026-07-21
2025-05-01,5,215.529887,2026-07-21,2026-07-21
2025-06-01,5,216.1007,2026-07-21,2026-07-21
2025-07-01,5,216.62951,2026-07-21,2026-07-21
2025-08-01,5,217.347334,2026-07-21,2026-07-21
2025-09-01,5,217.737211,2026-07-21,2026-07-21
2025-11-01,5,218.530964,2026-07-21,2026-07-21
2025-12-01,5,219.152396,2026-07-21,2026-07-21
2026-01-01,5,219.685514,2026-07-21,2026-07-21
2026-02-01,5,220.098546,2026-07-21,2026-07-21
2026-03-01,5,220.897146,2026-07-21,2026-07-21
2026-04-01,5,222.210555,2026-07-21,2026-07-21
2026-05-01,5,223.095315,2026-07-21,2026-07-21
2026-06-01,5,223.085083,2026-07-21,2026-07-21
2000-01-01,6,54.1851,2026-07-21,2026-07-21
2000-02-01,6,54.0749,2026-07-21,2026-07-21
2000-03-01,6,53.9115,2026-07-21,2026-07-21
2000-04-01,6,53.9211,2026-07-21,2026-07-21
2000-05-01,6,53.9633,2026-07-21,2026-07-21
2000-06-01,6,54.089,2026-07-21,2026-07-21
2000-07-01,6,54.2636,2026-07-21,2026-07-21
2000-08-01,6,54.438,2026-07-21,2026-07-21
2000-09-01,6,54.1934,2026-07-21,2026-07-21
2000-10-01,6,54.2252,2026-07-21,2026-07-21
2000-11-01,6,54.1989,2026-07-21,2026-07-21
2000-12-01,6,54.334,2026-07-21,2026-07-21
2001-01-01,6,54.5807,2026-07-21,2026-07-21
2001-02-01,6,54.5691,2026-07-21,2026-07-21
2001-03-01,6,54.6501,2026-07-21,2026-07-21
2001-04-01,6,54.4843,2026-07-21,2026-07-21
2001-05-01,6,54.3931,2026-07-21,2026-07-21
2001-06-01,6,54.6828,2026-07-21,2026-07-21
2001-07-01,6,55.0183,2026-07-21,2026-07-21
2001-08-01,6,55.1718,2026-07-21,2026-07-21
2001-09-01,6,54.8654,2026-07-21,2026-07-21
2001-10-01,6,54.9653,2026-07-21,2026-07-21
2001-11-01,6,55.1747,2026-07-21,2026-07-21
2001-12-01,6,55.4164,2026-07-21,2026-07-21
2002-01-01,6,55.331,2026-07-21,2026-07-21
2002-02-01,6,55.3931,2026-07-21,2026-07-21
2002-03-01,6,55.2702,2026-07-21,2026-07-21
2002-04-01,6,55.0607,2026-07-21,2026-07-21
2002-05-01,6,55.19,2026-07-21,2026-07-21
2002-06-01,6,55.4259,2026-07-21,2026-07-21
2002-07-01,6,55.544,2026-07-21,2026-07-21
2002-08-01,6,55.6199,2026-07-21,2026-07-21
2002-09-01,6,55.4968,2026-07-21,2026-07-21
2002-10-01,6,55.4146,2026-07-21,2026-07-21
2002-11-01,6,55.4432,2026-07-21,2026-07-21
2002-12-01,6,55.5721,2026-07-21,2026-07-21
2003-01-01,6,55.877,2026-07-21,2026-07-21
2003-02-01,6,55.6867,2026-07-21,2026-07-21
2003-03-01,6,55.6142,2026-07-21,2026-07-21
2003-04-01,6,55.7619,2026-07-21,2026-07-21
2003-05-01,6,56.0325,2026-07-21,2026-07-21
2003-06-01,6,56.2084,2026-07-21,2026-07-21
2003-07-01,6,56.3373,2026-07-21,2026-07-21
2003-08-01,6,56.2568,2026-07-21,2026-07-21
2003-09-01,6,56.1008,2026-07-21,2026-07-21
2003-10-01,6,56.1815,2026-07-21,2026-07-21
2003-11-01,6,56.194,2026-07-21,2026-07-21
2003-12-01,6,56.2468,2026-07-21,2026-07-21
2004-01-01,6,56.3084,2026-07-21,2026-07-21
2004-02-01,6,56.1818,2026-07-21,2026-07-21
2004-03-01,6,56.0893,2026-07-21,2026-07-21
2004-04-01,6,56.0445,2026-07-21,2026-07-21
2004-05-01,6,55.8399,2026-07-21,2026-07-21
2004-06-01,6,56.0109,2026-07-21,2026-07-21
2004-07-01,6,56.2978,2026-07-21,2026-07-21
2004-08-01,6,56.3871,2026-07-21,2026-07-21
2004-09-01,6,56.2616,2026-07-21,2026-07-21
2004-10-01,6,55.9092,2026-07-21,2026-07-21
2004-11-01,6,55.9182,2026-07-21,2026-07-21
2004-12-01,6,56.0879,2026-07-21,2026-07-21
2005-01-01,6,56.194,2026-07-21,2026-07-21
2005-02-01,6,56.1275,2026-07-21,2026-07-21
2005-03-01,6,56.0,2026-07-21,2026-07-21
2005-04-01,6,55.7505,2026-07-21,2026-07-21
2005-05-01,6,55.8487,2026-07-21,2026-07-21
2005-06-01,6,56.0971,2026-07-21,2026-07-21
2005-07-01,6,56.1139,2026-07-21,2026-07-21
2005-08-01,6,55.9637,2026-07-21,2026-07-21
2005-09-01,6,55.3584,2026-07-21,2026-07-21
2005-10-01,6,55.5465,2026-07-21,2026-07-21
2005-11-01,6,56.0738,2026-07-21,2026-07-21
2005-12-01,6,56.26,2026-07-21,2026-07-21
2006-01-01,6,55.0669,2026-07-21,2026-07-21
2006-02-01,6,55.0895,2026-07-21,2026-07-21
2006-03-01,6,54.9554,2026-07-21,2026-07-21
2006-04-01,6,54.6322,2026-07-21,2026-07-21
2006-05-01,6,54.5132,2026-07-21,2026-07-21
2006-06-01,6,54.7675,2026-07-21,2026-07-21
2006-07-01,6,54.8516,2026-07-21,2026-07-21
2006-08-01,6,54.8836,2026-07-21,2026-07-21
2006-09-01,6,55.203,2026-07-21,2026-07-21
2006-10-01,6,55.4348,2026-07-21,2026-07-21
2006-11-01,6,55.5115,2026-07-21,2026-07-21
2006-12-01,6,55.4884,2026-07-21,2026-07-21
2007-01-01,6,55.7758,2026-07-21,2026-07-21
2007-02-01,6,55.7339,2026-07-21,2026-07-21
2007-03-01,6,55.4306,2026-07-21,2026-07-21
2007-04-01,6,55.2066,2026-07-21,2026-07-21
2007-05-01,6,54.986,2026-07-21,2026-07-21
2007-06-01,6,55.274,2026-07-21,2026-07-21
2007-07-01,6,55.4724,2026-07-21,2026-07-21
2007-08-01,6,55.6092,2026-07-21,2026-07-21
2007-09-01,6,55.4791,2026-07-21,2026-07-21
2007-10-01,6,55.3728,2026-07-21,2026-07-21
2007-11-01,6,55.049,2026-07-21,2026-07-21
2007-12-01,6,55.1376,2026-07-21,2026-07-21
2008-01-01,6,54.8943,2026-07-21,2026-07-21
2008-02-01,6,54.9183,2026-07-21,2026-07-21
2008-03-01,6,54.7413,2026-07-21,2026-07-21
2008-04-01,6,54.5486,2026-07-21,2026-07-21
2008-05-01,6,54.3293,2026-07-21,2026-07-21
2008-06-01,6,54.2804,2026-07-21,2026-07-21
2008-07-01,6,54.3889,2026-07-21,2026-07-21
2008-08-01,6,54.6491,2026-07-21,2026-07-21
2008-09-01,6,54.5848,2026-07-21,2026-07-21
2008-10-01,6,55.0156,2026-07-21,2026-07-21
2008-11-01,6,55.9433,2026-07-21,2026-07-21
2008-12-01,6,56.468,2026-07-21,2026-07-21
2009-01-01,6,56.2519,2026-07-21,2026-07-21
2009-02-01,6,56.07,2026-07-21,2026-07-21
2009-03-01,6,55.9873,2026-07-21,2026-07-21
2009-04-01,6,55.8064,2026-07-21,2026-07-21
2009-05-01,6,55.6267,2026-07-21,2026-07-21
2009-06-01,6,55.4094,2026-07-21,2026-07-21
2009-07-01,6,55.5881,2026-07-21,2026-07-21
2009-08-01,6,55.5423,2026-07-21,2026-07-21
2009-09-01,6,55.4467,2026-07-21,2026-07-21
2009-10-01,6,55.3155,2026-07-21,2026-07-21
2009-11-01,6,55.1392,2026-07-21,2026-07-21
2009-12-01,6,55.1737,2026-07-21,2026-07-21
2010-01-01,6,56.2926,2026-07-21,2026-07-21
2010-02-01,6,56.3136,2026-07-21,2026-07-21
2010-03-01,6,56.1633,2026-07-21,2026-07-21
2010-04-01,6,56.1113,2026-07-21,2026-07-21
2010-05-01,6,56.1477,2026-07-21,2026-07-21
2010-06-01,6,56.4299,2026-07-21,2026-07-21
2010-07-01,6,56.5331,2026-07-21,2026-07-21
2010-08-01,6,56.4916,2026-07-21,2026-07-21
2010-09-01,6,56.4023,2026-07-21,2026-07-21
2010-10-01,6,56.231,2026-07-21,2026-07-21
2010-11-01,6,56.2024,2026-07-21,2026-07-21
2010-12-01,6,56.139,2026-07-21,2026-07-21
2011-01-01,6,56.1523,2026-07-21,2026-07-21
2011-02-01,6,56.0145,2026-07-21,2026-07-21
2011-03-01,6,55.5793,2026-07-21,2026-07-21
2011-04-01,6,55.2823,2026-07-21,2026-07-21
2011-05-01,6,55.1572,2026-07-21,2026-07-21
2011-06-01,6,55.4497,2026-07-21,2026-07-21
2011-07-01,6,55.5545,2026-07-21,2026-07-21
2011-08-01,6,55.5319,2026-07-21,2026-07-21
2011-09-01,6,55.4935,2026-07-21,2026-07-21
2011-10-01,6,55.5458,2026-07-21,2026-07-21
2011-11-01,6,55.586,2026-07-21,2026-07-21
2011-12-01,6,55.7874,2026-07-21,2026-07-21
2012-01-01,6,56.0461,2026-07-21,2026-07-21
2012-02-01,6,55.8557,2026-07-21,2026-07-21
2012-03-01,6,55.5541,2026-07-21,2026-07-21
2012-04-01,6,55.4832,2026-07-21,2026-07-21
2012-05-01,6,55.655,2026-07-21,2026-07-21
2012-06-01,6,55.9966,2026-07-21,2026-07-21
2012-07-01,6,56.146,2026-07-21,2026-07-21
2012-08-01,6,55.9465,2026-07-21,2026-07-21
2012-09-01,6,55.7824,2026-07-21,2026-07-21
2012-10-01,6,55.8105,2026-07-21,2026-07-21
2012-11-01,6,56.1211,2026-07-21,2026-07-21
2012-12-01,6,56.348,2026-07-21,2026-07-21
2013-01-01,6,56.5719,2026-07-21,2026-07-21
2013-02-01,6,56.2681,2026-07-21,2026-07-21
2013-03-01,6,56.2152,2026-07-21,2026-07-21
2013-04-01,6,56.3416,2026-07-21,2026-07-21
2013-05-01,6,56.4454,2026-07-21,2026-07-21
2013-06-01,6,56.5404,2026-07-21,2026-07-21
2013-07-01,6,56.633,2026-07-21,2026-07-21
2013-08-01,6,56.6286,2026-07-21,2026-07-21
2013-09-01,6,56.6488,2026-07-21,2026-07-21
2013-10-01,6,56.7742,2026-07-21,2026-07-21
2013-11-01,6,56.9595,2026-07-21,2026-07-21
2013-12-01,6,57.0097,2026-07-21,2026-07-21
2014-01-01,6,57.3798,2026-07-21,2026-07-21
2014-02-01,6,57.3189,2026-07-21,2026-07-21
2014-03-01,6,57.2149,2026-07-21,2026-07-21
2014-04-01,6,57.076,2026-07-21,2026-07-21
2014-05-01,6,57.1558,2026-07-21,2026-07-21
2014-06-01,6,57.2849,2026-07-21,2026-07-21
2014-07-01,6,57.3956,2026-07-21,2026-07-21
2014-08-01,6,57.499,2026-07-21,2026-07-21
2014-09-01,6,57.4947,2026-07-21,2026-07-21
2014-10-01,6,57.6404,2026-07-21,2026-07-21
2014-11-01,6,57.9721,2026-07-21,2026-07-21
2014-12-01,6,58.3553,2026-07-21,2026-07-21
2015-01-01,6,58.7958,2026-07-21,2026-07-21
2015-02-01,6,58.6666,2026-07-21,2026-07-21
2015-03-01,6,58.4165,2026-07-21,2026-07-21
2015-04-01,6,58.417,2026-07-21,2026-07-21
2015-05-01,6,58.2692,2026-07-21,2026-07-21
2015-06-01,6,58.3895,2026-07-21,2026-07-21
2015-07-01,6,58.4832,2026-07-21,2026-07-21
2015-08-01,6,58.6278,2026-07-21,2026-07-21
2015-09-01,6,58.8113,2026-07-21,2026-07-21
2015-10-01,6,58.862,2026-07-21,2026-07-21
2015-11-01,6,59.0619,2026-07-21,2026-07-21
2015-12-01,6,59.2956,2026-07-21,2026-07-21
2016-01-01,6,59.661,2026-07-21,2026-07-21
2016-02-01,6,59.7727,2026-07-21,2026-07-21
2016-03-01,6,59.666,2026-07-21,2026-07-21
2016-04-01,6,59.5381,2026-07-21,2026-07-21
2016-05-01,6,59.5492,2026-07-21,2026-07-21
2016-06-01,6,59.6626,2026-07-21,2026-07-21
2016-07-01,6,59.8519,2026-07-21,2026-07-21
2016-08-01,6,59.8939,2026-07-21,2026-07-21
2016-09-01,6,59.8468,2026-07-21,2026-07-21
2016-10-01,6,59.8028,2026-07-21,2026-07-21
2016-11-01,6,59.9928,2026-07-21,2026-07-21
2016-12-01,6,60.0741,2026-07-21,2026-07-21
2017-01-01,6,60.0551,2026-07-21,2026-07-21
2017-02-01,6,60.0879,2026-07-21,2026-07-21
2017-03-01,6,60.0143,2026-07-21,2026-07-21
2017-04-01,6,59.9595,2026-07-21,2026-07-21
2017-05-01,6,60.1178,2026-07-21,2026-07-21
2017-06-01,6,60.3181,2026-07-21,2026-07-21
2017-07-01,6,60.4178,2026-07-21,2026-07-21
2017-08-01,6,60.391,2026-07-21,2026-07-21
2017-09-01,6,60.171,2026-07-21,2026-07-21
2017-10-01,6,60.2908,2026-07-21,2026-07-21
2017-11-01,6,60.3537,2026-07-21,2026-07-21
2017-12-01,6,60.5137,2026-07-21,2026-07-21
2018-01-01,6,59.1253,2026-07-21,2026-07-21
2018-02-01,6,59.1021,2026-07-21,2026-07-21
2018-03-01,6,59.1015,2026-07-21,2026-07-21
2018-04-01,6,58.9591,2026-07-21,2026-07-21
2018-05-01,6,58.9562,2026-07-21,2026-07-21
2018-06-01,6,59.0663,2026-07-21,2026-07-21
2018-07-01,6,59.1629,2026-07-21,2026-07-21
2018-08-01,6,59.2447,2026-07-21,2026-07-21
2018-09-01,6,59.2375,2026-07-21,2026-07-21
2018-10-01,6,59.1991,2026-07-21,2026-07-21
2018-11-01,6,59.4424,2026-07-21,2026-07-21
2018-12-01,6,59.7707,2026-07-21,2026-07-21
2019-01-01,6,59.8392,2026-07-21,2026-07-21
2019-02-01,6,59.7534,2026-07-21,2026-07-21
2019-03-01,6,59.5784,2026-07-21,2026-07-21
2019-04-01,6,59.4133,2026-07-21,2026-07-21
2019-05-01,6,59.408,2026-07-21,2026-07-21
2019-06-01,6,59.6355,2026-07-21,2026-07-21
2019-07-01,6,59.6342,2026-07-21,2026-07-21
2019-08-01,6,59.7158,2026-07-21,2026-07-21
2019-09-01,6,59.7655,2026-07-21,2026-07-21
2019-10-01,6,59.6991,2026-07-21,2026-07-21
2019-11-01,6,59.8186,2026-07-21,2026-07-21
2019-12-01,6,59.9147,2026-07-21,2026-07-21
2020-01-01,6,59.3872,2026-07-21,2026-07-21
2020-02-01,6,59.4184,2026-07-21,2026-07-21
2020-03-01,6,59.4919,2026-07-21,2026-07-21
2020-04-01,6,59.6264,2026-07-21,2026-07-21
2020-05-01,6,59.606,2026-07-21,2026-07-21
2020-06-01,6,59.4988,2026-07-21,2026-07-21
2020-07-01,6,59.4941,2026-07-21,2026-07-21
2020-08-01,6,59.3701,2026-07-21,2026-07-21
2020-09-01,6,59.31,2026-07-21,2026-07-21
2020-10-01,6,59.3366,2026-07-21,2026-07-21
2020-11-01,6,59.5122,2026-07-21,2026-07-21
2020-12-01,6,59.472,2026-07-21,2026-07-21
2021-01-01,6,59.2951,2026-07-21,2026-07-21
2021-02-01,6,59.1634,2026-07-21,2026-07-21
2021-03-01,6,58.9699,2026-07-21,2026-07-21
2021-04-01,6,58.8351,2026-07-21,2026-07-21
2021-05-01,6,58.6779,2026-07-21,2026-07-21
2021-06-01,6,58.4978,2026-07-21,2026-07-21
2021-07-01,6,58.4243,2026-07-21,2026-07-21
2021-08-01,6,58.3236,2026-07-21,2026-07-21
2021-09-01,6,58.3018,2026-07-21,2026-07-21
2021-10-01,6,58.096,2026-07-21,2026-07-21
2021-11-01,6,57.9987,2026-07-21,2026-07-21
2021-12-01,6,57.9509,2026-07-21,2026-07-21
2022-01-01,6,57.4631,2026-07-21,2026-07-21
2022-02-01,6,57.2848,2026-07-21,2026-07-21
2022-03-01,6,56.9048,2026-07-21,2026-07-21
2022-04-01,6,57.0393,2026-07-21,2026-07-21
2022-05-01,6,56.8988,2026-07-21,2026-07-21
2022-06-01,6,56.7102,2026-07-21,2026-07-21
2022-07-01,6,56.9149,2026-07-21,2026-07-21
2022-08-01,6,57.2566,2026-07-21,2026-07-21
2022-09-01,6,57.5427,2026-07-21,2026-07-21
2022-10-01,6,57.5778,2026-07-21,2026-07-21
2022-11-01,6,57.8882,2026-07-21,2026-07-21
2022-12-01,6,58.3956,2026-07-21,2026-07-21
2023-01-01,6,58.2318,2026-07-21,2026-07-21
2023-02-01,6,58.2966,2026-07-21,2026-07-21
2023-03-01,6,58.3555,2026-07-21,2026-07-21
2023-04-01,6,58.2909,2026-07-21,2026-07-21
2023-05-01,6,58.3632,2026-07-21,2026-07-21
2023-06-01,6,58.4737,2026-07-21,2026-07-21
2023-07-01,6,58.5947,2026-07-21,2026-07-21
2023-08-01,6,58.5251,2026-07-21,2026-07-21
2023-09-01,6,58.6857,2026-07-21,2026-07-21
2023-10-01,6,58.8639,2026-07-21,2026-07-21
2023-11-01,6,59.2289,2026-07-21,2026-07-21
2023-12-01,6,59.4576,2026-07-21,2026-07-21
2024-01-01,6,61.015,2026-07-21,2026-07-21
2024-02-01,6,61.0177,2026-07-21,2026-07-21
2024-03-01,6,61.0168,2026-07-21,2026-07-21
2024-04-01,6,60.9764,2026-07-21,2026-07-21
2024-05-01,6,61.0551,2026-07-21,2026-07-21
2024-06-01,6,61.1977,2026-07-21,2026-07-21
2024-07-01,6,61.2802,2026-07-21,2026-07-21
2024-08-01,6,61.3979,2026-07-21,2026-07-21
2024-09-01,6,61.4897,2026-07-21,2026-07-21
2024-10-01,6,61.6029,2026-07-21,2026-07-21
2024-11-01,6,61.7347,2026-07-21,2026-07-21
2024-12-01,6,61.831,2026-07-21,2026-07-21
2025-01-01,6,60.712,2026-07-21,2026-07-21
2025-02-01,6,60.7043,2026-07-21,2026-07-21
2025-03-01,6,60.7187,2026-07-21,2026-07-21
2025-04-01,6,60.7261,2026-07-21,2026-07-21
2025-05-01,6,60.7854,2026-07-21,2026-07-21
2025-06-01,6,60.7799,2026-07-21,2026-07-21
2025-07-01,6,60.78,2026-07-21,2026-07-21
2025-08-01,6,60.7608,2026-07-21,2026-07-21
2025-09-01,6,60.7004,2026-07-21,2026-07-21
2025-11-01,6,60.9001,2026-07-21,2026-07-21
2025-12-01,6,61.026,2026-07-21,2026-07-21
2026-01-01,6,60.8357,2026-07-21,2026-07-21
2026-02-01,6,60.7509,2026-07-21,2026-07-21
2026-03-01,6,60.3366,2026-07-21,2026-07-21
2026-04-01,6,60.2024,2026-07-21,2026-07-21
2026-05-01,6,60.0759,2026-07-21,2026-07-21
2026-06-01,6,60.3241,2026-07-21,2026-07-21
